,country,athlete_name,sport_name,event_name,medal_type
0,拉脱维亚,CAVARS Agnis,三对三篮球;BK3;,男子组,金牌
1,拉脱维亚,KRUMINS Edgars,三对三篮球;BK3;,男子组,金牌
2,拉脱维亚,LASMANIS Karlis,三对三篮球;BK3;,男子组,金牌
3,拉脱维亚,MIEZIS Nauris,三对三篮球;BK3;,男子组,金牌
4,美国,DOLSON Stefanie,三对三篮球;BK3;,女子组,金牌
5,美国,GRAY Allisha,三对三篮球;BK3;,女子组,金牌
6,美国,PLUM Kelsey,三对三篮球;BK3;,女子组,金牌
7,美国,YOUNG Jacquelyn,三对三篮球;BK3;,女子组,金牌
8,土耳其,GAZOZ Mete,射箭;ARC;,男子个人,金牌
9,韩国,KIM Je Deok,射箭;ARC;,男子团体,金牌
10,韩国,KIM Woojin,射箭;ARC;,男子团体,金牌
11,韩国,OH Jinhyek,射箭;ARC;,男子团体,金牌
12,韩国,AN San,射箭;ARC;,女子个人,金牌
13,韩国,AN San,射箭;ARC;,女子团体,金牌
14,韩国,JANG Minhee,射箭;ARC;,女子团体,金牌
15,韩国,KANG Chaeyoung,射箭;ARC;,女子团体,金牌
16,韩国,AN San,射箭;ARC;,混合团体,金牌
17,韩国,KIM Je Deok,射箭;ARC;,混合团体,金牌
18,日本,HASHIMOTO Daiki,竞技体操;GAR;,男子全能,金牌
19,以色列,DOLGOPYAT Artem,竞技体操;GAR;,男子自由体操,金牌
0,日本,HASHIMOTO Daiki,竞技体操;GAR;,男子单杠,金牌
1,中国,ZOU Jingyuan,竞技体操;GAR;,男子双杠,金牌
2,英国,WHITLOCK Max,竞技体操;GAR;,男子鞍马,金牌
3,中国,LIU Yang,竞技体操;GAR;,男子吊环,金牌
4,韩国,SHIN Jeahwan,竞技体操;GAR;,男子跳马,金牌
5,ROC,ABLIAZIN Denis,竞技体操;GAR;,男子团体,金牌
6,ROC,BELYAVSKIY David,竞技体操;GAR;,男子团体,金牌
7,ROC,DALALOYAN Artur,竞技体操;GAR;,男子团体,金牌
8,ROC,NAGORNYY Nikita,竞技体操;GAR;,男子团体,金牌
9,美国,LEE Sunisa,竞技体操;GAR;,女子全能,金牌
10,中国,GUAN Chenchen,竞技体操;GAR;,女子平衡木,金牌
11,美国,CAREY Jade,竞技体操;GAR;,女子自由体操,金牌
12,比利时,DERWAEL Nina,竞技体操;GAR;,女子高低杠,金牌
13,巴西,ANDRADE Rebeca,竞技体操;GAR;,女子跳马,金牌
14,ROC,AKHAIMOVA Liliia,竞技体操;GAR;,女子团体,金牌
15,ROC,LISTUNOVA Viktoriia,竞技体操;GAR;,女子团体,金牌
16,ROC,MELNIKOVA Angelina,竞技体操;GAR;,女子团体,金牌
17,ROC,URAZOVA Vladislava,竞技体操;GAR;,女子团体,金牌
18,ROC,KOLESNICHENKO Svetlana,花样游泳;SWA;,双人,金牌
19,ROC,ROMASHINA Svetlana,花样游泳;SWA;,双人,金牌
0,ROC,CHIGIREVA Vlada,花样游泳;SWA;,团体,金牌
1,ROC,GOLIADKINA Marina,花样游泳;SWA;,团体,金牌
2,ROC,KOLESNICHENKO Svetlana,花样游泳;SWA;,团体,金牌
3,ROC,KOMAR Polina,花样游泳;SWA;,团体,金牌
4,ROC,PATSKEVICH Aleksandra,花样游泳;SWA;,团体,金牌
5,ROC,ROMASHINA Svetlana,花样游泳;SWA;,团体,金牌
6,ROC,SHISHKINA Alla,花样游泳;SWA;,团体,金牌
7,ROC,SHUROCHKINA Maria,花样游泳;SWA;,团体,金牌
8,埃塞俄比亚,BAREGA Selemon,田径;ATH;,男子10000米,金牌
9,意大利,JACOBS Lamont Marcell,田径;ATH;,男子100米,金牌
10,牙买加,PARCHMENT Hansle,田径;ATH;,男子110米跨栏,金牌
11,挪威,INGEBRIGTSEN Jakob,田径;ATH;,男子1500米,金牌
12,加拿大,de GRASSE Andre,田径;ATH;,男子200米,金牌
13,意大利,STANO Massimo,田径;ATH;,男子20公里竞走,金牌
14,摩洛哥,EL BAKKALI Soufiane,田径;ATH;,男子3000米障碍赛,金牌
15,巴哈马,GARDINER Steven,田径;ATH;,男子400米,金牌
16,挪威,WARHOLM Karsten,田径;ATH;,男子400米跨栏,金牌
17,意大利,DESALU Eseosa Fostine,田径;ATH;,男子 4 x 100米接力,金牌
18,意大利,JACOBS Lamont Marcell,田径;ATH;,男子 4 x 100米接力,金牌
19,意大利,PATTA Lorenzo,田径;ATH;,男子 4 x 100米接力,金牌
0,意大利,TORTU Filippo,田径;ATH;,男子 4 x 100米接力,金牌
1,美国,BENJAMIN Rai,田径;ATH;,男子 4 x 400米接力,金牌
2,美国,CHERRY Michael,田径;ATH;,男子 4 x 400米接力,金牌
3,美国,DEADMON Bryce,田径;ATH;,男子 4 x 400米接力,金牌
4,美国,NORMAN Michael,田径;ATH;,男子 4 x 400米接力,金牌
5,美国,NORWOOD Vernon,田径;ATH;,男子 4 x 400米接力,金牌
6,美国,ROSS Randolph,田径;ATH;,男子 4 x 400米接力,金牌
7,美国,STEWART Trevor,田径;ATH;,男子 4 x 400米接力,金牌
8,乌干达,CHEPTEGEI Joshua,田径;ATH;,男子5000米,金牌
9,波兰,TOMALA Dawid,田径;ATH;,男子50公里竞走,金牌
10,肯尼亚,KORIR Emmanuel Kipkurui,田径;ATH;,男子800米,金牌
11,加拿大,WARNER Damian,田径;ATH;,男子十项全能,金牌
12,瑞典,STAHL Daniel,田径;ATH;,男子铁饼,金牌
13,波兰,NOWICKI Wojciech,田径;ATH;,男子链球,金牌
14,卡塔尔,BARSHIM Mutaz Essa,田径;ATH;,男子跳高,金牌
15,意大利,TAMBERI Gianmarco,田径;ATH;,男子跳高,金牌
16,印度,CHOPRA Neeraj,田径;ATH;,男子标枪,金牌
17,希腊,TENTOGLOU Miltiadis,田径;ATH;,男子跳远,金牌
18,肯尼亚,KIPCHOGE Eliud,田径;ATH;,男子马拉松,金牌
19,瑞典,DUPLANTIS Armand,田径;ATH;,男子撑竿跳高,金牌
0,美国,CROUSER Ryan,田径;ATH;,男子铅球,金牌
1,葡萄牙,PICHARDO Pedro,田径;ATH;,男子三级跳远,金牌
2,荷兰,HASSAN Sifan,田径;ATH;,女子10000米,金牌
3,牙买加,THOMPSON-HERAH Elaine,田径;ATH;,女子100米,金牌
4,波多黎各,CAMACHO-QUINN Jasmine,田径;ATH;,女子100米跨栏,金牌
5,肯尼亚,KIPYEGON Faith,田径;ATH;,女子1500米,金牌
6,牙买加,THOMPSON-HERAH Elaine,田径;ATH;,女子200米,金牌
7,意大利,PALMISANO Antonella,田径;ATH;,女子20公里竞走,金牌
8,乌干达,CHEMUTAI Peruth,田径;ATH;,女子3000米障碍赛,金牌
9,巴哈马,MILLER-UIBO Shaunae,田径;ATH;,女子400米,金牌
10,美国,McLAUGHLIN Sydney,田径;ATH;,女子400米跨栏,金牌
11,牙买加,BURCHELL Remona,田径;ATH;,女子 4 x 100米接力,金牌
12,牙买加,FRASER-PRYCE Shelly-Ann,田径;ATH;,女子 4 x 100米接力,金牌
13,牙买加,JACKSON Shericka,田径;ATH;,女子 4 x 100米接力,金牌
14,牙买加,MORRISON Natasha,田径;ATH;,女子 4 x 100米接力,金牌
15,牙买加,THOMPSON-HERAH Elaine,田径;ATH;,女子 4 x 100米接力,金牌
16,牙买加,WILLIAMS Briana,田径;ATH;,女子 4 x 100米接力,金牌
17,美国,ELLIS Kendall,田径;ATH;,女子 4 x 400米接力,金牌
18,美国,FELIX Allyson,田径;ATH;,女子 4 x 400米接力,金牌
19,美国,IRBY Lynna,田径;ATH;,女子 4 x 400米接力,金牌
0,美国,JONATHAS Wadeline,田径;ATH;,女子 4 x 400米接力,金牌
1,美国,McLAUGHLIN Sydney,田径;ATH;,女子 4 x 400米接力,金牌
2,美国,MU Athing,田径;ATH;,女子 4 x 400米接力,金牌
3,美国,MUHAMMAD Dalilah,田径;ATH;,女子 4 x 400米接力,金牌
4,美国,WHITNEY Kaylin,田径;ATH;,女子 4 x 400米接力,金牌
5,荷兰,HASSAN Sifan,田径;ATH;,女子5000米,金牌
6,美国,MU Athing,田径;ATH;,女子800米,金牌
7,美国,ALLMAN Valarie,田径;ATH;,女子铁饼,金牌
8,波兰,WLODARCZYK Anita,田径;ATH;,女子链球,金牌
9,比利时,THIAM Nafissatou,田径;ATH;,女子七项全能,金牌
10,ROC,LASITSKENE Mariya,田径;ATH;,女子跳高,金牌
11,中国,LIU Shiying,田径;ATH;,女子标枪,金牌
12,德国,MIHAMBO Malaika,田径;ATH;,女子跳远,金牌
13,肯尼亚,JEPCHIRCHIR Peres,田径;ATH;,女子马拉松,金牌
14,美国,NAGEOTTE Katie,田径;ATH;,女子撑竿跳高,金牌
15,中国,GONG Lijiao,田径;ATH;,女子铅球,金牌
16,委内瑞拉,ROJAS Yulimar,田径;ATH;,女子三级跳远,金牌
17,波兰,BAUMGART-WITAN Iga,田径;ATH;,混合4 x 400米接力,金牌
18,波兰,DUSZYNSKI Kajetan,田径;ATH;,混合4 x 400米接力,金牌
19,波兰,HOLUB-KOWALIK Malgorzata,田径;ATH;,混合4 x 400米接力,金牌
0,波兰,KACZMAREK Natalia,田径;ATH;,混合4 x 400米接力,金牌
1,波兰,KOWALUK Dariusz,田径;ATH;,混合4 x 400米接力,金牌
2,波兰,SWIETY-ERSETIC Justyna,田径;ATH;,混合4 x 400米接力,金牌
3,波兰,ZALEWSKI Karol,田径;ATH;,混合4 x 400米接力,金牌
4,中华台北,LEE Yang,羽毛球;BDM;,男子双打,金牌
5,中华台北,WANG Chi-Lin,羽毛球;BDM;,男子双打,金牌
6,丹麦,AXELSEN Viktor,羽毛球;BDM;,男子单打,金牌
7,印度尼西亚,RAHAYU Apriyani,羽毛球;BDM;,女子双打,金牌
8,印度尼西亚,Greysia POLII,羽毛球;BDM;,女子双打,金牌
9,中国,CHEN Yu Fei,羽毛球;BDM;,女子单打,金牌
10,中国,HUANG Dong Ping,羽毛球;BDM;,混合双打,金牌
11,中国,WANG Yi Lyu,羽毛球;BDM;,混合双打,金牌
12,日本,AOYAGI Koyo,棒球/垒球;BSB;,棒球,金牌
13,日本,ASAMURA Hideto,棒球/垒球;BSB;,棒球,金牌
14,日本,GENDA Sosuke,棒球/垒球;BSB;,棒球,金牌
15,日本,ITOH Hiromi,棒球/垒球;BSB;,棒球,金牌
16,日本,IWAZAKI Suguru,棒球/垒球;BSB;,棒球,金牌
17,日本,KAI Takuya,棒球/垒球;BSB;,棒球,金牌
18,日本,KIKUCHI Ryosuke,棒球/垒球;BSB;,棒球,金牌
19,日本,KONDOH Kensuke,棒球/垒球;BSB;,棒球,金牌
0,日本,KURIBAYASHI Ryoji,棒球/垒球;BSB;,棒球,金牌
1,日本,KURIHARA Ryoya,棒球/垒球;BSB;,棒球,金牌
2,日本,MORISHITA Masato,棒球/垒球;BSB;,棒球,金牌
3,日本,MURAKAMI Munetaka,棒球/垒球;BSB;,棒球,金牌
4,日本,OHNO Yudai,棒球/垒球;BSB;,棒球,金牌
5,日本,SAKAMOTO Hayato,棒球/垒球;BSB;,棒球,金牌
6,日本,SENGA Koudai,棒球/垒球;BSB;,棒球,金牌
7,日本,SUZUKI Seiya,棒球/垒球;BSB;,棒球,金牌
8,日本,TAIRA Kaima,棒球/垒球;BSB;,棒球,金牌
9,日本,TANAKA Masahiro,棒球/垒球;BSB;,棒球,金牌
10,日本,UMENO Ryutaro,棒球/垒球;BSB;,棒球,金牌
11,日本,YAMADA Tetsuto,棒球/垒球;BSB;,棒球,金牌
12,日本,YAMAMOTO Yoshinobu,棒球/垒球;BSB;,棒球,金牌
13,日本,YAMASAKI Yasuaki,棒球/垒球;BSB;,棒球,金牌
14,日本,YANAGITA Yuki,棒球/垒球;BSB;,棒球,金牌
15,日本,YOSHIDA Masataka,棒球/垒球;BSB;,棒球,金牌
16,日本,AGATSUMA Haruka,棒球/垒球;BSB;,垒球,金牌
17,日本,ATSUMI Mana,棒球/垒球;BSB;,垒球,金牌
18,日本,FUJITA Yamato,棒球/垒球;BSB;,垒球,金牌
19,日本,GOTO Miu,棒球/垒球;BSB;,垒球,金牌
0,日本,HARADA Nodoka,棒球/垒球;BSB;,垒球,金牌
1,日本,ICHIGUCHI Yuka,棒球/垒球;BSB;,垒球,金牌
2,日本,KAWABATA Hitomi,棒球/垒球;BSB;,垒球,金牌
3,日本,KIYOHARA Nayu,棒球/垒球;BSB;,垒球,金牌
4,日本,MINE Yukiyo,棒球/垒球;BSB;,垒球,金牌
5,日本,MORI Sayaka,棒球/垒球;BSB;,垒球,金牌
6,日本,NAITO Minori,棒球/垒球;BSB;,垒球,金牌
7,日本,UENO Yukiko,棒球/垒球;BSB;,垒球,金牌
8,日本,YAMADA Eri,棒球/垒球;BSB;,垒球,金牌
9,日本,YAMAMOTO Yu,棒球/垒球;BSB;,垒球,金牌
10,日本,YAMAZAKI Saki,棒球/垒球;BSB;,垒球,金牌
11,美国,ADEBAYO Bam,篮球;BKB;,男子组,金牌
12,美国,BOOKER Devin,篮球;BKB;,男子组,金牌
13,美国,DURANT Kevin,篮球;BKB;,男子组,金牌
14,美国,GRANT Jerami,篮球;BKB;,男子组,金牌
15,美国,GREEN Draymond,篮球;BKB;,男子组,金牌
16,美国,HOLIDAY Jrue,篮球;BKB;,男子组,金牌
17,美国,JOHNSON Keldon,篮球;BKB;,男子组,金牌
18,美国,LAVINE Zach,篮球;BKB;,男子组,金牌
19,美国,LILLARD Damian,篮球;BKB;,男子组,金牌
0,美国,MCGEE Javale,篮球;BKB;,男子组,金牌
1,美国,MIDDLETON Khris,篮球;BKB;,男子组,金牌
2,美国,TATUM Jayson,篮球;BKB;,男子组,金牌
3,美国,ATKINS Ariel,篮球;BKB;,女子组,金牌
4,美国,BIRD Sue,篮球;BKB;,女子组,金牌
5,美国,CHARLES Tina,篮球;BKB;,女子组,金牌
6,美国,COLLIER Napheesa,篮球;BKB;,女子组,金牌
7,美国,DIGGINS Skylar,篮球;BKB;,女子组,金牌
8,美国,FOWLES Sylvia,篮球;BKB;,女子组,金牌
9,美国,GRAY Chelsea,篮球;BKB;,女子组,金牌
10,美国,GRINER Brittney,篮球;BKB;,女子组,金牌
11,美国,LOYD Jewell,篮球;BKB;,女子组,金牌
12,美国,STEWART Breanna,篮球;BKB;,女子组,金牌
13,美国,TAURASI Diana,篮球;BKB;,女子组,金牌
14,美国,WILSON A'ja,篮球;BKB;,女子组,金牌
15,挪威,MOL Anders Berntsen,沙滩排球;VBV;,男子组,金牌
16,挪威,SORUM Christian Sandlie,沙滩排球;VBV;,男子组,金牌
17,美国,KLINEMAN Alix,沙滩排球;VBV;,女子组,金牌
18,美国,ROSS April,沙滩排球;VBV;,女子组,金牌
19,英国,YAFAI Galal,拳击;BOX;,男子蝇量级(48-52公斤),金牌
0,ROC,BATYRGAZIEV Albert,拳击;BOX;,男子羽量级(52-57公斤),金牌
1,古巴,CRUZ Andy,拳击;BOX;,男子轻量级(57-63公斤),金牌
2,古巴,IGLESIAS Roniel,拳击;BOX;,男子沉量级(63-69公斤),金牌
3,巴西,SOUSA Hebert,拳击;BOX;,男子中量级(69-75公斤),金牌
4,古巴,LOPEZ Arlen,拳击;BOX;,男子轻重量级(75-81公斤),金牌
5,古巴,la CRUZ Julio,拳击;BOX;,男子重量级(81-91公斤),金牌
6,乌兹别克斯坦,JALOLOV Bakhodir,拳击;BOX;,男子超重量级(91公斤以上),金牌
7,保加利亚,KRASTEVA Stoyka Zhelyazkova,拳击;BOX;,女子蝇量级(48-51公斤),金牌
8,日本,IRIE Sena,拳击;BOX;,女子羽量级(54-57公斤),金牌
9,爱尔兰,HARRINGTON Kellie Anne,拳击;BOX;,女子轻量级(57-60公斤),金牌
10,土耳其,SURMENELI Busenaz,拳击;BOX;,女子沉量级(64-69公斤),金牌
11,英国,PRICE Lauren,拳击;BOX;,女子中量级(69-75公斤),金牌
12,斯洛文尼亚,SAVSEK Benjamin,激流皮划艇;CSL;,男子划艇,金牌
13,捷克,PRSKAVEC Jiri,激流皮划艇;CSL;,男子皮艇,金牌
14,澳大利亚,FOX Jessica,激流皮划艇;CSL;,女子划艇,金牌
15,德国,FUNK Ricarda,激流皮划艇;CSL;,女子皮艇,金牌
16,巴西,QUEIROZ dos SANTOS Isaquias,静水皮划艇;CSP;,男子1000米单人划艇,金牌
17,古巴,JORGE ENRIQUEZ Fernando Dayan,静水皮划艇;CSP;,男子1000米双人划艇,金牌
18,古巴,TORRES MADRIGAL Serguey,静水皮划艇;CSP;,男子1000米双人划艇,金牌
19,匈牙利,KOPASZ Balint,静水皮划艇;CSP;,男子1000米单人皮艇,金牌
0,匈牙利,TOTKA Sandor,静水皮划艇;CSP;,男子200米单人皮艇,金牌
1,澳大利亚,GREEN Thomas,静水皮划艇;CSP;,男子1000米双人皮艇,金牌
2,澳大利亚,van der WESTHUYZEN Jean,静水皮划艇;CSP;,男子1000米双人皮艇,金牌
3,德国,LEMKE Max,静水皮划艇;CSP;,男子500米四人皮艇,金牌
4,德国,LIEBSCHER Tom,静水皮划艇;CSP;,男子500米四人皮艇,金牌
5,德国,RAUHE Ronald,静水皮划艇;CSP;,男子500米四人皮艇,金牌
6,德国,RENDSCHMIDT Max,静水皮划艇;CSP;,男子500米四人皮艇,金牌
7,美国,HARRISON Nevin,静水皮划艇;CSP;,女子200米单人划艇,金牌
8,中国,SUN Mengya,静水皮划艇;CSP;,女子500米双人划艇,金牌
9,中国,XU Shixiao,静水皮划艇;CSP;,女子500米双人划艇,金牌
10,新西兰,CARRINGTON Lisa,静水皮划艇;CSP;,女子200米单人皮艇,金牌
11,新西兰,CARRINGTON Lisa,静水皮划艇;CSP;,女子500米单人皮艇,金牌
12,新西兰,CARRINGTON Lisa,静水皮划艇;CSP;,女子500米双人皮艇,金牌
13,新西兰,REGAL Caitlin,静水皮划艇;CSP;,女子500米双人皮艇,金牌
14,匈牙利,BODONYI Dora,静水皮划艇;CSP;,女子500米四人皮艇,金牌
15,匈牙利,CSIPES Tamara,静水皮划艇;CSP;,女子500米四人皮艇,金牌
16,匈牙利,KARASZ Anna,静水皮划艇;CSP;,女子500米四人皮艇,金牌
17,匈牙利,KOZAK Danuta,静水皮划艇;CSP;,女子500米四人皮艇,金牌
18,澳大利亚,MARTIN Logan,自由式小轮车;BMF;,男子公园赛,金牌
19,英国,WORTHINGTON Charlotte,自由式小轮车;BMF;,女子公园赛,金牌
0,荷兰,KIMMANN Niek,竞速小轮车;BMX;,男子组,金牌
1,英国,SHRIEVER Bethany,竞速小轮车;BMX;,女子组,金牌
2,英国,PIDCOCK Thomas,山地自行车;MTB;,男子越野赛,金牌
3,瑞士,NEFF Jolanda,山地自行车;MTB;,女子越野赛,金牌
4,厄瓜多尔,CARAPAZ Richard,公路自行车;CRD;,男子公路赛,金牌
5,斯洛文尼亚,ROGLIC Primoz,公路自行车;CRD;,男子个人计时赛,金牌
6,奥地利,KIESENHOFER Anna,公路自行车;CRD;,女子公路赛,金牌
7,荷兰,van VLEUTEN Annemiek,公路自行车;CRD;,女子个人计时赛,金牌
8,英国,KENNY Jason,场地自行车;CTR;,男子凯林赛,金牌
9,丹麦,HANSEN Lasse Norman,场地自行车;CTR;,男子麦迪逊赛,金牌
10,丹麦,MORKOV Michael,场地自行车;CTR;,男子麦迪逊赛,金牌
11,英国,WALLS Matthew,场地自行车;CTR;,男子全能赛,金牌
12,意大利,CONSONNI Simone,场地自行车;CTR;,男子团体追逐赛,金牌
13,意大利,GANNA Filippo,场地自行车;CTR;,男子团体追逐赛,金牌
14,意大利,LAMON Francesco,场地自行车;CTR;,男子团体追逐赛,金牌
15,意大利,MILAN Jonathan,场地自行车;CTR;,男子团体追逐赛,金牌
16,荷兰,LAVREYSEN Harrie,场地自行车;CTR;,男子争先赛,金牌
17,荷兰,BUCHLI Matthijs,场地自行车;CTR;,男子团体争先赛,金牌
18,荷兰,HOOGLAND Jeffrey,场地自行车;CTR;,男子团体争先赛,金牌
19,荷兰,LAVREYSEN Harrie,场地自行车;CTR;,男子团体争先赛,金牌
0,荷兰,van den BERG Roy,场地自行车;CTR;,男子团体争先赛,金牌
1,荷兰,BRASPENNINCX Shanne,场地自行车;CTR;,女子凯林赛,金牌
2,英国,ARCHIBALD Katie,场地自行车;CTR;,女子麦迪逊赛,金牌
3,英国,KENNY Laura,场地自行车;CTR;,女子麦迪逊赛,金牌
4,美国,VALENTE Jennifer,场地自行车;CTR;,女子全能赛,金牌
5,德国,BRAUSSE Franziska,场地自行车;CTR;,女子团体追逐赛,金牌
6,德国,BRENNAUER Lisa,场地自行车;CTR;,女子团体追逐赛,金牌
7,德国,KLEIN Lisa,场地自行车;CTR;,女子团体追逐赛,金牌
8,德国,KROEGER Mieke,场地自行车;CTR;,女子团体追逐赛,金牌
9,加拿大,MITCHELL Kelsey,场地自行车;CTR;,女子争先赛,金牌
10,中国,BAO Shanju,场地自行车;CTR;,女子团体争先赛,金牌
11,中国,ZHONG Tianshi,场地自行车;CTR;,女子团体争先赛,金牌
12,中国,CAO Yuan,跳水;DIV;,男子10米跳台跳水,金牌
13,英国,DALEY Thomas,跳水;DIV;,男子双人10米跳台跳水,金牌
14,英国,LEE Matty,跳水;DIV;,男子双人10米跳台跳水,金牌
15,中国,XIE Siyi,跳水;DIV;,男子3米跳板跳水,金牌
16,中国,WANG Zongyuan,跳水;DIV;,男子双人3米跳板跳水,金牌
17,中国,XIE Siyi,跳水;DIV;,男子双人3米跳板跳水,金牌
18,中国,QUAN Hongchan,跳水;DIV;,女子10米跳台跳水,金牌
19,中国,CHEN Yuxi,跳水;DIV;,女子双人10米跳台跳水,金牌
0,中国,ZHANG Jiaqi,跳水;DIV;,女子双人10米跳台跳水,金牌
1,中国,SHI Tingmao,跳水;DIV;,女子3米跳板跳水,金牌
2,中国,SHI Tingmao,跳水;DIV;,女子双人3米跳板跳水,金牌
3,中国,WANG Han,跳水;DIV;,女子双人3米跳板跳水,金牌
4,德国,von BREDOW-WERNDL Jessica,马术;EQU;,盛装舞步个人赛,金牌
5,德国,SCHNEIDER Dorothee,马术;EQU;,盛装舞步团体赛,金牌
6,德国,von BREDOW-WERNDL Jessica,马术;EQU;,盛装舞步团体赛,金牌
7,德国,WERTH Isabell,马术;EQU;,盛装舞步团体赛,金牌
8,德国,KRAJEWSKI Julia,马术;EQU;,三项赛个人赛,金牌
9,英国,COLLETT Laura,马术;EQU;,三项赛团体赛,金牌
10,英国,McEWEN Tom,马术;EQU;,三项赛团体赛,金牌
11,英国,TOWNEND Oliver,马术;EQU;,三项赛团体赛,金牌
12,英国,MAHER Ben,马术;EQU;,场地障碍个人赛,金牌
13,瑞典,BARYARD-JOHNSSON Malin,马术;EQU;,场地障碍团体赛,金牌
14,瑞典,FREDRICSON Peder,马术;EQU;,场地障碍团体赛,金牌
15,瑞典,von ECKERMANN Henrik,马术;EQU;,场地障碍团体赛,金牌
16,法国,CANNONE Romain,击剑;FEN;,男子个人重剑,金牌
17,中国香港,CHEUNG Ka Long,击剑;FEN;,男子个人花剑,金牌
18,匈牙利,SZILAGYI Aron,击剑;FEN;,男子个人佩剑,金牌
19,日本,KANO Koki,击剑;FEN;,男子团体重剑,金牌
0,日本,MINOBE Kazuyasu,击剑;FEN;,男子团体重剑,金牌
1,日本,UYAMA Satoru,击剑;FEN;,男子团体重剑,金牌
2,日本,YAMADA Masaru,击剑;FEN;,男子团体重剑,金牌
3,法国,le PECHOUX Erwann,击剑;FEN;,男子团体花剑,金牌
4,法国,LEFORT Enzo,击剑;FEN;,男子团体花剑,金牌
5,法国,MERTINE Julien,击剑;FEN;,男子团体花剑,金牌
6,法国,PAUTY Maxime,击剑;FEN;,男子团体花剑,金牌
7,韩国,GU Bongil,击剑;FEN;,男子团体佩剑,金牌
8,韩国,KIM Junghwan,击剑;FEN;,男子团体佩剑,金牌
9,韩国,KIM Junho,击剑;FEN;,男子团体佩剑,金牌
10,韩国,OH Sanguk,击剑;FEN;,男子团体佩剑,金牌
11,中国,SUN Yiwen,击剑;FEN;,女子个人重剑,金牌
12,美国,KIEFER Lee,击剑;FEN;,女子个人花剑,金牌
13,ROC,POZDNIAKOVA Sofia,击剑;FEN;,女子个人佩剑,金牌
14,爱沙尼亚,BELJAJEVA Julia,击剑;FEN;,女子团体重剑,金牌
15,爱沙尼亚,EMBRICH Irina,击剑;FEN;,女子团体重剑,金牌
16,爱沙尼亚,KIRPU Erika,击剑;FEN;,女子团体重剑,金牌
17,爱沙尼亚,LEHIS Katrina,击剑;FEN;,女子团体重剑,金牌
18,ROC,DERIGLAZOVA Inna,击剑;FEN;,女子团体花剑,金牌
19,ROC,KOROBEYNIKOVA Larisa,击剑;FEN;,女子团体花剑,金牌
0,ROC,MARTYANOVA Marta,击剑;FEN;,女子团体花剑,金牌
1,ROC,ZAGIDULLINA Adelina,击剑;FEN;,女子团体花剑,金牌
2,ROC,NIKITINA Olga,击剑;FEN;,女子团体佩剑,金牌
3,ROC,POZDNIAKOVA Sofia,击剑;FEN;,女子团体佩剑,金牌
4,ROC,VELIKAYA Sofya,击剑;FEN;,女子团体佩剑,金牌
5,巴西,ABNER,足球;FBL;,男子组,金牌
6,巴西,ALVES Dani,足球;FBL;,男子组,金牌
7,巴西,ANTONY,足球;FBL;,男子组,金牌
8,巴西,ARANA Guilherme,足球;FBL;,男子组,金牌
9,巴西,BRENNO,足球;FBL;,男子组,金牌
10,巴西,CLAUDINHO,足球;FBL;,男子组,金牌
11,巴西,CUNHA Matheus,足球;FBL;,男子组,金牌
12,巴西,DIEGO CARLOS,足球;FBL;,男子组,金牌
13,巴西,DOUGLAS LUIZ,足球;FBL;,男子组,金牌
14,巴西,FUCHS Bruno,足球;FBL;,男子组,金牌
15,巴西,GRACA Ricardo,足球;FBL;,男子组,金牌
16,巴西,GUIMARAES Bruno,足球;FBL;,男子组,金牌
17,巴西,LUCAO,足球;FBL;,男子组,金牌
18,巴西,MALCOM,足球;FBL;,男子组,金牌
19,巴西,MARTINELLI Gabriel,足球;FBL;,男子组,金牌
0,巴西,MATHEUS HENRIQUE,足球;FBL;,男子组,金牌
1,巴西,MENINO Gabriel,足球;FBL;,男子组,金牌
2,巴西,NINO,足球;FBL;,男子组,金牌
3,巴西,PAULINHO,足球;FBL;,男子组,金牌
4,巴西,REINIER,足球;FBL;,男子组,金牌
5,巴西,RICHARLISON,足球;FBL;,男子组,金牌
6,巴西,SANTOS,足球;FBL;,男子组,金牌
7,加拿大,BECKIE Janine,足球;FBL;,女子组,金牌
8,加拿大,BUCHANAN Kadeisha,足球;FBL;,女子组,金牌
9,加拿大,CARLE Gabrielle,足球;FBL;,女子组,金牌
10,加拿大,CHAPMAN Allysha,足球;FBL;,女子组,金牌
11,加拿大,FLEMING Jessie,足球;FBL;,女子组,金牌
12,加拿大,GILLES Vanessa,足球;FBL;,女子组,金牌
13,加拿大,GROSSO Julia,足球;FBL;,女子组,金牌
14,加拿大,HUITEMA Jordyn,足球;FBL;,女子组,金牌
15,加拿大,LABBE Stephanie,足球;FBL;,女子组,金牌
16,加拿大,LAWRENCE Ashley,足球;FBL;,女子组,金牌
17,加拿大,LEON Adriana,足球;FBL;,女子组,金牌
18,加拿大,McLEOD Erin,足球;FBL;,女子组,金牌
19,加拿大,PRINCE Nichelle,足球;FBL;,女子组,金牌
0,加拿大,QUINN,足球;FBL;,女子组,金牌
1,加拿大,RIVIERE Jayde,足球;FBL;,女子组,金牌
2,加拿大,ROSE Deanne,足球;FBL;,女子组,金牌
3,加拿大,SCHMIDT Sophie,足球;FBL;,女子组,金牌
4,加拿大,SCOTT Desiree,足球;FBL;,女子组,金牌
5,加拿大,SHERIDAN Kailen,足球;FBL;,女子组,金牌
6,加拿大,SINCLAIR Christine,足球;FBL;,女子组,金牌
7,加拿大,VIENS Evelyne,足球;FBL;,女子组,金牌
8,加拿大,ZADORSKY Shelina,足球;FBL;,女子组,金牌
9,美国,SCHAUFFELE Xander,高尔夫;GLF;,男子个人比杆赛,金牌
10,美国,KORDA Nelly,高尔夫;GLF;,女子个人比杆赛,金牌
11,法国,ABALO Luc,手球;HBL;,男子组,金牌
12,法国,DESCAT Hugo,手球;HBL;,男子组,金牌
13,法国,FABREGAS Ludovic,手球;HBL;,男子组,金牌
14,法国,GENTY Yann,手球;HBL;,男子组,金牌
15,法国,GERARD Vincent,手球;HBL;,男子组,金牌
16,法国,GUIGOU Michael,手球;HBL;,男子组,金牌
17,法国,KARABATIC Luka,手球;HBL;,男子组,金牌
18,法国,KARABATIC Nikola,手球;HBL;,男子组,金牌
19,法国,LAGARDE Romain,手球;HBL;,男子组,金牌
0,法国,MAHE Kentin,手球;HBL;,男子组,金牌
1,法国,MEM Dika,手球;HBL;,男子组,金牌
2,法国,NGUESSAN Timothey,手球;HBL;,男子组,金牌
3,法国,PORTE Valentin,手球;HBL;,男子组,金牌
4,法国,REMILI Nedim,手球;HBL;,男子组,金牌
5,法国,RICHARDSON Melvyn,手球;HBL;,男子组,金牌
6,法国,TOURNAT Nicolas,手球;HBL;,男子组,金牌
7,法国,COATANEA Pauline,手球;HBL;,女子组,金牌
8,法国,DANCETTE Blandine,手球;HBL;,女子组,金牌
9,法国,DARLEUX Cleopatre,手球;HBL;,女子组,金牌
10,法国,EDWIGE Beatrice,手球;HBL;,女子组,金牌
11,法国,FLIPPES Laura,手球;HBL;,女子组,金牌
12,法国,FOPPA Pauletta,手球;HBL;,女子组,金牌
13,法国,LACRABERE Alexandra,手球;HBL;,女子组,金牌
14,法国,LASSOURCE Coralie,手球;HBL;,女子组,金牌
15,法国,LEYNAUD Amandine,手球;HBL;,女子组,金牌
16,法国,NIAKATE Kalidiatou,手球;HBL;,女子组,金牌
17,法国,NOCANDY Meline,手球;HBL;,女子组,金牌
18,法国,NZE MINKO Estelle,手球;HBL;,女子组,金牌
19,法国,PINEAU Allison,手球;HBL;,女子组,金牌
0,法国,SERCIEN UGOLIN Oceane,手球;HBL;,女子组,金牌
1,法国,VALENTINI Chloe,手球;HBL;,女子组,金牌
2,法国,ZAADI DEUNA Grace,手球;HBL;,女子组,金牌
3,比利时,BOCCARD Gauthier,曲棍球;HOC;,男子组,金牌
4,比利时,BOON Tom Alain,曲棍球;HOC;,男子组,金牌
5,比利时,BRIELS Thomas,曲棍球;HOC;,男子组,金牌
6,比利时,CHARLIER Cedric Daniel Andre,曲棍球;HOC;,男子组,金牌
7,比利时,de KERPEL Nicolas,曲棍球;HOC;,男子组,金牌
8,比利时,de SLOOVER Arthur Anne-Marie Thierr,曲棍球;HOC;,男子组,金牌
9,比利时,DENAYER Felix Veronique B.,曲棍球;HOC;,男子组,金牌
10,比利时,DOCKIER Sebastien,曲棍球;HOC;,男子组,金牌
11,比利时,DOHMEN John-John Dominique M,曲棍球;HOC;,男子组,金牌
12,比利时,GOUGNARD Simon Pierre F,曲棍球;HOC;,男子组,金牌
13,比利时,HENDRICKX Alexander Robby P,曲棍球;HOC;,男子组,金牌
14,比利时,KINA Antoine Sylvain T,曲棍球;HOC;,男子组,金牌
15,比利时,LUYPAERT Loick Fanny A,曲棍球;HOC;,男子组,金牌
16,比利时,MEURMANS Augustin Jean J,曲棍球;HOC;,男子组,金牌
17,比利时,van AUBEL Florent,曲棍球;HOC;,男子组,金牌
18,比利时,van DOREN Arthur,曲棍球;HOC;,男子组,金牌
19,比利时,VANASCH Vincent,曲棍球;HOC;,男子组,金牌
0,比利时,WEGNEZ Victor Nicky B,曲棍球;HOC;,男子组,金牌
1,荷兰,ALBERS Felice,曲棍球;HOC;,女子组,金牌
2,荷兰,de GOEDE Eva Roma Maria,曲棍球;HOC;,女子组,金牌
3,荷兰,de WAARD Xan Gerdien,曲棍球;HOC;,女子组,金牌
4,荷兰,KEETELS Marloes Johanna Maria,曲棍球;HOC;,女子组,金牌
5,荷兰,KONING Josine,曲棍球;HOC;,女子组,金牌
6,荷兰,KOOLEN Sanne Anne Leonie,曲棍球;HOC;,女子组,金牌
7,荷兰,LEURINK Laurien,曲棍球;HOC;,女子组,金牌
8,荷兰,MATLA Frederique,曲棍球;HOC;,女子组,金牌
9,荷兰,NUNNINK Laura Maria,曲棍球;HOC;,女子组,金牌
10,荷兰,PHENINCKX Malou,曲棍球;HOC;,女子组,金牌
11,荷兰,SANDERS Pien,曲棍球;HOC;,女子组,金牌
12,荷兰,STAM Lauren Lara Jeanette,曲棍球;HOC;,女子组,金牌
13,荷兰,van GEFFEN Margot,曲棍球;HOC;,女子组,金牌
14,荷兰,van MAASAKKER Caia Jacqueline,曲棍球;HOC;,女子组,金牌
15,荷兰,VERSCHOOR Maria,曲棍球;HOC;,女子组,金牌
16,荷兰,WELTEN Lidewij Marsia Maria,曲棍球;HOC;,女子组,金牌
17,日本,WOLF Aaron,柔道;JUD;,男子100公斤级,金牌
18,日本,TAKATO Naohisa,柔道;JUD;,男子60公斤级,金牌
19,日本,ABE Hifumi,柔道;JUD;,男子66公斤级,金牌
0,日本,ONO Shohei,柔道;JUD;,男子73公斤级,金牌
1,日本,NAGASE Takanori,柔道;JUD;,男子81公斤级,金牌
2,格鲁吉亚,BEKAURI Lasha,柔道;JUD;,男子90公斤级,金牌
3,捷克,KRPALEK Lukas,柔道;JUD;,男子100公斤以上级,金牌
4,科索沃,KRASNIQI Distria,柔道;JUD;,女子48公斤级,金牌
5,日本,ABE Uta,柔道;JUD;,女子52公斤级,金牌
6,科索沃,GJAKOVA Nora,柔道;JUD;,女子57公斤级,金牌
7,法国,AGBEGNENOU Clarisse,柔道;JUD;,女子63公斤级,金牌
8,日本,ARAI Chizuru,柔道;JUD;,女子70公斤级,金牌
9,日本,HAMADA Shori,柔道;JUD;,女子78公斤级,金牌
10,日本,SONE Akira,柔道;JUD;,女子78公斤以上级,金牌
11,法国,AGBEGNENOU Clarisse,柔道;JUD;,混合团体,金牌
12,法国,BUCHARD Amandine,柔道;JUD;,混合团体,金牌
13,法国,CHAINE Guillaume,柔道;JUD;,混合团体,金牌
14,法国,CLERGET Axel,柔道;JUD;,混合团体,金牌
15,法国,CYSIQUE Sarah Leonie,柔道;JUD;,混合团体,金牌
16,法国,DICKO Romane,柔道;JUD;,混合团体,金牌
17,法国,IDDIR Alexandre,柔道;JUD;,混合团体,金牌
18,法国,le BLOUCH Kilian,柔道;JUD;,混合团体,金牌
19,法国,MALONGA Madeleine,柔道;JUD;,混合团体,金牌
0,法国,PINOT Margaux,柔道;JUD;,混合团体,金牌
1,法国,RINER Teddy,柔道;JUD;,混合团体,金牌
2,法国,da COSTA Steven,空手道;KTE;,男子组手67公斤级,金牌
3,意大利,BUSA Luigi,空手道;KTE;,男子组手75公斤级,金牌
4,日本,KIYUNA Ryo,空手道;KTE;,男子个人型,金牌
5,伊朗,GANJZADEH Sajad,空手道;KTE;,男子组手75公斤以上级,金牌
6,保加利亚,GORANOVA Ivet,空手道;KTE;,女子组手55公斤级,金牌
7,塞尔维亚,PREKOVIC Jovana,空手道;KTE;,女子组手61公斤级,金牌
8,西班牙,SANCHEZ JAIME Sandra,空手道;KTE;,女子个人型,金牌
9,埃及,ABDELAZIZ Feryal,空手道;KTE;,女子组手61公斤以上级,金牌
10,德国,WELLBROCK Florian,马拉松游泳;OWS;,男子10公里,金牌
11,巴西,CUNHA Ana Marcela,马拉松游泳;OWS;,女子10公里,金牌
12,英国,CHOONG Joseph,现代五项;MPN;,男子个人,金牌
13,英国,FRENCH Kate,现代五项;MPN;,女子个人,金牌
14,以色列,ASHRAM Linoy,艺术体操;GRY;,个人全能,金牌
15,保加利亚,DYANKOVA Simona,艺术体操;GRY;,团体全能,金牌
16,保加利亚,KIRYAKOVA Stefani,艺术体操;GRY;,团体全能,金牌
17,保加利亚,RADUKANOVA Madlen,艺术体操;GRY;,团体全能,金牌
18,保加利亚,TRAETS Laura,艺术体操;GRY;,团体全能,金牌
19,保加利亚,ZAFIROVA Erika,艺术体操;GRY;,团体全能,金牌
0,新西兰,BOND Hamish,赛艇;ROW;,男子八人单桨有舵手,金牌
1,新西兰,BOSWORTH Sam,赛艇;ROW;,男子八人单桨有舵手,金牌
2,新西兰,BRAKE Michael,赛艇;ROW;,男子八人单桨有舵手,金牌
3,新西兰,KIRKHAM Shaun,赛艇;ROW;,男子八人单桨有舵手,金牌
4,新西兰,MACDONALD Matt,赛艇;ROW;,男子八人单桨有舵手,金牌
5,新西兰,MACKINTOSH Thomas,赛艇;ROW;,男子八人单桨有舵手,金牌
6,新西兰,MURRAY Tom,赛艇;ROW;,男子八人单桨有舵手,金牌
7,新西兰,WILLIAMSON Daniel,赛艇;ROW;,男子八人单桨有舵手,金牌
8,新西兰,WILSON Phillip,赛艇;ROW;,男子八人单桨有舵手,金牌
9,克罗地亚,SINKOVIC Martin,赛艇;ROW;,男子双人单桨,金牌
10,克罗地亚,SINKOVIC Valent,赛艇;ROW;,男子双人单桨,金牌
11,澳大利亚,HARGREAVES Jack,赛艇;ROW;,男子四人单桨,金牌
12,澳大利亚,HILL Alexander,赛艇;ROW;,男子四人单桨,金牌
13,澳大利亚,PURNELL Alexander,赛艇;ROW;,男子四人单桨,金牌
14,澳大利亚,TURRIN Spencer,赛艇;ROW;,男子四人单桨,金牌
15,希腊,NTOUSKOS Stefanos,赛艇;ROW;,男子单人双桨,金牌
16,法国,ANDRODIAS Matthieu,赛艇;ROW;,男子双人双桨,金牌
17,法国,BOUCHERON Hugo,赛艇;ROW;,男子双人双桨,金牌
18,爱尔兰,Mc CARTHY Fintan,赛艇;ROW;,男子轻量级双人双桨,金牌
19,爱尔兰,O'DONOVAN Paul,赛艇;ROW;,男子轻量级双人双桨,金牌
0,荷兰,METSEMAKERS Koen,赛艇;ROW;,男子四人双桨,金牌
1,荷兰,UITTENBOGAARD Lucas Theodoor Dirk,赛艇;ROW;,男子四人双桨,金牌
2,荷兰,WIERSMA Abe,赛艇;ROW;,男子四人双桨,金牌
3,荷兰,WIETEN Tone,赛艇;ROW;,男子四人双桨,金牌
4,加拿大,GRAINGER Susanne,赛艇;ROW;,女子八人单桨有舵手,金牌
5,加拿大,GRUCHALLA-WESIERSKI Kasia,赛艇;ROW;,女子八人单桨有舵手,金牌
6,加拿大,KIT Kristen,赛艇;ROW;,女子八人单桨有舵手,金牌
7,加拿大,MAILEY Madison,赛艇;ROW;,女子八人单桨有舵手,金牌
8,加拿大,PAYNE Sydney,赛艇;ROW;,女子八人单桨有舵手,金牌
9,加拿大,PROSKE Andrea,赛艇;ROW;,女子八人单桨有舵手,金牌
10,加拿大,ROMAN Lisa,赛艇;ROW;,女子八人单桨有舵手,金牌
11,加拿大,ROPER Christine,赛艇;ROW;,女子八人单桨有舵手,金牌
12,加拿大,WASTENEYS Avalon,赛艇;ROW;,女子八人单桨有舵手,金牌
13,新西兰,GOWLER Kerri,赛艇;ROW;,女子双人单桨,金牌
14,新西兰,PRENDERGAST Grace,赛艇;ROW;,女子双人单桨,金牌
15,澳大利亚,McINTYRE Annabelle,赛艇;ROW;,女子四人单桨,金牌
16,澳大利亚,MORRISON Jessica,赛艇;ROW;,女子四人单桨,金牌
17,澳大利亚,POPA Rosemary,赛艇;ROW;,女子四人单桨,金牌
18,澳大利亚,STEPHAN Lucy,赛艇;ROW;,女子四人单桨,金牌
19,新西兰,TWIGG Emma,赛艇;ROW;,女子单人双桨,金牌
0,罗马尼亚,BODNAR Ancuta,赛艇;ROW;,女子双人双桨,金牌
1,罗马尼亚,RADIS Simona,赛艇;ROW;,女子双人双桨,金牌
2,意大利,CESARINI Federica,赛艇;ROW;,女子轻量级双人双桨,金牌
3,意大利,RODINI Valentina,赛艇;ROW;,女子轻量级双人双桨,金牌
4,中国,CHEN Yunxia,赛艇;ROW;,女子四人双桨,金牌
5,中国,CUI Xiaotong,赛艇;ROW;,女子四人双桨,金牌
6,中国,LYU Yang,赛艇;ROW;,女子四人双桨,金牌
7,中国,ZHANG Ling,赛艇;ROW;,女子四人双桨,金牌
8,斐济,BALEIWAIRIKI Iosefo Masikau,七人制橄欖球;RUG;,男子组,金牌
9,斐济,BOLACA Napolioni,七人制橄欖球;RUG;,男子组,金牌
10,斐济,BOTITU Vilimoni,七人制橄欖球;RUG;,男子组,金牌
11,斐济,DERENALAGI Meli,七人制橄欖球;RUG;,男子组,金牌
12,斐济,MAQALA Sireli,七人制橄欖球;RUG;,男子组,金牌
13,斐济,NACUQU Waisea,七人制橄欖球;RUG;,男子组,金牌
14,斐济,NASOKO Kalione,七人制橄欖球;RUG;,男子组,金牌
15,斐济,RADRADRA Semi,七人制橄欖球;RUG;,男子组,金牌
16,斐济,TUIMABA Aminiasi,七人制橄欖球;RUG;,男子组,金牌
17,斐济,TUIVUAKA Asaeli,七人制橄欖球;RUG;,男子组,金牌
18,斐济,TUWAI Jerry,七人制橄欖球;RUG;,男子组,金牌
19,斐济,VAKURUNABILI Josua,七人制橄欖球;RUG;,男子组,金牌
0,斐济,WAINIQOLO Jiuta,七人制橄欖球;RUG;,男子组,金牌
1,新西兰,BLYDE Michaela,七人制橄欖球;RUG;,女子组,金牌
2,新西兰,BRAZIER Kelly,七人制橄欖球;RUG;,女子组,金牌
3,新西兰,BROUGHTON Gayle,七人制橄欖球;RUG;,女子组,金牌
4,新西兰,FITZPATRICK Theresa,七人制橄欖球;RUG;,女子组,金牌
5,新西兰,FLUHLER Stacey,七人制橄欖球;RUG;,女子组,金牌
6,新西兰,HIRINI Sarah,七人制橄欖球;RUG;,女子组,金牌
7,新西兰,KAKA Shiray,七人制橄欖球;RUG;,女子组,金牌
8,新西兰,NATHAN-WONG Tyla,七人制橄欖球;RUG;,女子组,金牌
9,新西兰,POURI-LANE Risi,七人制橄欖球;RUG;,女子组,金牌
10,新西兰,SAILI Alena,七人制橄欖球;RUG;,女子组,金牌
11,新西兰,TUI Ruby,七人制橄欖球;RUG;,女子组,金牌
12,新西兰,WILLISON Tenika,七人制橄欖球;RUG;,女子组,金牌
13,新西兰,WOODMAN Portia,七人制橄欖球;RUG;,女子组,金牌
14,澳大利亚,BELCHER Mathew,帆船;SAL;,男子双人艇470级,金牌
15,澳大利亚,RYAN Will,帆船;SAL;,男子双人艇470级,金牌
16,英国,BITHELL Stuart,帆船;SAL;,男子49人级,金牌
17,英国,FLETCHER Dylan,帆船;SAL;,男子49人级,金牌
18,英国,SCOTT Giles,帆船;SAL;,男子单人艇芬兰人级,金牌
19,澳大利亚,WEARN Matt,帆船;SAL;,男子单人艇激光级.,金牌
0,荷兰,BADLOE Kiran,帆船;SAL;,男子帆板RS:X级,金牌
1,英国,McINTYRE Eilidh,帆船;SAL;,女子双人艇470级,金牌
2,英国,MILLS Hannah,帆船;SAL;,女子双人艇470级,金牌
3,巴西,GRAEL Martine,帆船;SAL;,女子49人FX级,金牌
4,巴西,KUNZE Kahena,帆船;SAL;,女子49人FX级,金牌
5,丹麦,RINDOM Anne-Marie,帆船;SAL;,女子单人艇激光雷迪尔级,金牌
6,中国,LU Yunxiu,帆船;SAL;,女子帆板RS:X级,金牌
7,意大利,BANTI Caterina,帆船;SAL;,男女混合多体船诺卡拉17级,金牌
8,意大利,TITA Ruggero,帆船;SAL;,男女混合多体船诺卡拉17级,金牌
9,伊朗,FOROUGHI Javad,射击;SHO;,男子10米气手枪,金牌
10,美国,SHANER William,射击;SHO;,男子10米气步枪,金牌
11,中国,ZHANG Changhong,射击;SHO;,男子50米步枪三姿,金牌
12,法国,QUIQUAMPOIX Jean,射击;SHO;,男子25米手枪速射,金牌
13,美国,HANCOCK Vincent,射击;SHO;,男子双向飞碟,金牌
14,捷克,LIPTAK Jiri,射击;SHO;,男子多向飞碟,金牌
15,ROC,BATSARASHKINA Vitalina,射击;SHO;,女子10米气手枪,金牌
16,中国,YANG Qian,射击;SHO;,女子10米气步枪,金牌
17,瑞士,CHRISTEN Nina,射击;SHO;,女子50米步枪三姿,金牌
18,美国,ENGLISH Amber,射击;SHO;,女子双向飞碟,金牌
19,ROC,BATSARASHKINA Vitalina,射击;SHO;,女子25米手枪,金牌
0,斯洛伐克,REHAK STEFECEKOVA Zuzana,射击;SHO;,女子多向飞碟,金牌
1,中国,JIANG Ranxin,射击;SHO;,混合团体10米气手枪,金牌
2,中国,PANG Wei,射击;SHO;,混合团体10米气手枪,金牌
3,中国,YANG Haoran,射击;SHO;,混合团体10米气步枪,金牌
4,中国,YANG Qian,射击;SHO;,混合团体10米气步枪,金牌
5,西班牙,FERNANDEZ Alberto,射击;SHO;,混合团体多向飞碟,金牌
6,西班牙,GALVEZ Fatima,射击;SHO;,混合团体多向飞碟,金牌
7,澳大利亚,PALMER Keegan,滑板;SKB;,男子公园赛,金牌
8,日本,HORIGOME Yuto,滑板;SKB;,男子街式赛,金牌
9,日本,YOSOZUMI Sakura,滑板;SKB;,女子公园滑板,金牌
10,日本,NISHIYA Momiji,滑板;SKB;,女子街式赛,金牌
11,西班牙,GINES LOPEZ Alberto,运动攀登;CLB;,男子全能,金牌
12,斯洛文尼亚,GARNBRET Janja,运动攀登;CLB;,女子全能,金牌
13,巴西,FERREIRA Italo,冲浪;SRF;,男子组,金牌
14,美国,MOORE Carissa,冲浪;SRF;,女子组,金牌
15,ROC,RYLOV Evgeny,游泳;SWM;,男子100米仰泳,金牌
16,美国,DRESSEL Caeleb,游泳;SWM;,男子100米蝶泳,金牌
17,英国,PEATY Adam,游泳;SWM;,男子100米蛙泳,金牌
18,美国,DRESSEL Caeleb,游泳;SWM;,男子100米自由泳,金牌
19,美国,FINKE Robert,游泳;SWM;,男子1500米自由泳,金牌
0,ROC,RYLOV Evgeny,游泳;SWM;,男子200米仰泳,金牌
1,匈牙利,MILAK Kristof,游泳;SWM;,男子200米蝶泳,金牌
2,澳大利亚,STUBBLETY-COOK Izaac,游泳;SWM;,男子200米蛙泳,金牌
3,英国,DEAN Tom,游泳;SWM;,男子200米自由泳,金牌
4,中国,WANG Shun,游泳;SWM;,男子200米个人混合泳,金牌
5,突尼斯,HAFNAOUI Ahmed,游泳;SWM;,男子400米自由泳,金牌
6,美国,KALISZ Chase,游泳;SWM;,男子400米个人混合泳,金牌
7,美国,APPLE Zach,游泳;SWM;,男子4x100米自由泳接力,金牌
8,美国,BECKER Bowen,游泳;SWM;,男子4x100米自由泳接力,金牌
9,美国,CURRY Brooks,游泳;SWM;,男子4x100米自由泳接力,金牌
10,美国,DRESSEL Caeleb,游泳;SWM;,男子4x100米自由泳接力,金牌
11,美国,PIERONI Blake,游泳;SWM;,男子4x100米自由泳接力,金牌
12,美国,ANDREW Michael,游泳;SWM;,男子4x100米混合泳接力,金牌
13,美国,APPLE Zach,游泳;SWM;,男子4x100米混合泳接力,金牌
14,美国,ARMSTRONG Joseph,游泳;SWM;,男子4x100米混合泳接力,金牌
15,美国,DRESSEL Caeleb,游泳;SWM;,男子4x100米混合泳接力,金牌
16,美国,MURPHY Ryan,游泳;SWM;,男子4x100米混合泳接力,金牌
17,美国,PIERONI Blake,游泳;SWM;,男子4x100米混合泳接力,金牌
18,美国,SHIELDS Tom,游泳;SWM;,男子4x100米混合泳接力,金牌
19,美国,WILSON Andrew,游泳;SWM;,男子4x100米混合泳接力,金牌
0,英国,DEAN Tom,游泳;SWM;,男子4x200米自由泳接力,金牌
1,英国,GUY James,游泳;SWM;,男子4x200米自由泳接力,金牌
2,英国,JARVIS Calum,游泳;SWM;,男子4x200米自由泳接力,金牌
3,英国,RICHARDS Matthew,游泳;SWM;,男子4x200米自由泳接力,金牌
4,英国,SCOTT Duncan,游泳;SWM;,男子4x200米自由泳接力,金牌
5,美国,DRESSEL Caeleb,游泳;SWM;,男子50米自由泳,金牌
6,美国,FINKE Robert,游泳;SWM;,男子800米自由泳,金牌
7,澳大利亚,McKEOWN Kaylee,游泳;SWM;,女子100米仰泳,金牌
8,加拿大,MACNEIL Margaret,游泳;SWM;,女子100米蝶泳,金牌
9,美国,JACOBY Lydia,游泳;SWM;,女子100米蛙泳,金牌
10,澳大利亚,McKEON Emma,游泳;SWM;,女子100米自由泳,金牌
11,美国,LEDECKY Kathleen,游泳;SWM;,女子1500米自由泳,金牌
12,澳大利亚,McKEOWN Kaylee,游泳;SWM;,女子200米仰泳,金牌
13,中国,ZHANG Yufei,游泳;SWM;,女子200米蝶泳,金牌
14,南非,SCHOENMAKER Tatjana,游泳;SWM;,女子200米蛙泳,金牌
15,澳大利亚,TITMUS Ariarne,游泳;SWM;,女子200米自由泳,金牌
16,日本,OHASHI Yui,游泳;SWM;,女子200米个人混合泳,金牌
17,澳大利亚,TITMUS Ariarne,游泳;SWM;,女子400米自由泳,金牌
18,日本,OHASHI Yui,游泳;SWM;,女子400米个人混合泳,金牌
19,澳大利亚,CAMPBELL Bronte,游泳;SWM;,女子4x100米自由泳接力,金牌
0,澳大利亚,CAMPBELL Cate,游泳;SWM;,女子4x100米自由泳接力,金牌
1,澳大利亚,HARRIS Meg,游泳;SWM;,女子4x100米自由泳接力,金牌
2,澳大利亚,McKEON Emma,游泳;SWM;,女子4x100米自由泳接力,金牌
3,澳大利亚,O'CALLAGHAN Mollie,游泳;SWM;,女子4x100米自由泳接力,金牌
4,澳大利亚,WILSON Madison,游泳;SWM;,女子4x100米自由泳接力,金牌
5,澳大利亚,CAMPBELL Cate,游泳;SWM;,女子4x100米混合泳接力,金牌
6,澳大利亚,HODGES Chelsea,游泳;SWM;,女子4x100米混合泳接力,金牌
7,澳大利亚,McKEON Emma,游泳;SWM;,女子4x100米混合泳接力,金牌
8,澳大利亚,McKEOWN Kaylee,游泳;SWM;,女子4x100米混合泳接力,金牌
9,澳大利亚,O'CALLAGHAN Mollie,游泳;SWM;,女子4x100米混合泳接力,金牌
10,澳大利亚,SEEBOHM Emily,游泳;SWM;,女子4x100米混合泳接力,金牌
11,澳大利亚,THROSSELL Brianna,游泳;SWM;,女子4x100米混合泳接力,金牌
12,中国,DONG Jie,游泳;SWM;,女子4x200米自由泳接力,金牌
13,中国,LI Bingjie,游泳;SWM;,女子4x200米自由泳接力,金牌
14,中国,TANG Muhan,游泳;SWM;,女子4x200米自由泳接力,金牌
15,中国,YANG Junxuan,游泳;SWM;,女子4x200米自由泳接力,金牌
16,中国,ZHANG Yifan,游泳;SWM;,女子4x200米自由泳接力,金牌
17,中国,ZHANG Yufei,游泳;SWM;,女子4x200米自由泳接力,金牌
18,澳大利亚,McKEON Emma,游泳;SWM;,女子50米自由泳,金牌
19,美国,LEDECKY Kathleen,游泳;SWM;,女子800米自由泳,金牌
0,英国,ANDERSON Freya,游泳;SWM;,男女混合4x100米混合泳接力,金牌
1,英国,DAWSON Kathleen,游泳;SWM;,男女混合4x100米混合泳接力,金牌
2,英国,GUY James,游泳;SWM;,男女混合4x100米混合泳接力,金牌
3,英国,HOPKIN Anna,游泳;SWM;,男女混合4x100米混合泳接力,金牌
4,英国,PEATY Adam,游泳;SWM;,男女混合4x100米混合泳接力,金牌
5,中国,MA Long,乒乓球;TTE;,男子单打,金牌
6,中国,FAN Zhendong,乒乓球;TTE;,男子团体,金牌
7,中国,MA Long,乒乓球;TTE;,男子团体,金牌
8,中国,XU Xin,乒乓球;TTE;,男子团体,金牌
9,中国,CHEN Meng,乒乓球;TTE;,女子单打,金牌
10,中国,CHEN Meng,乒乓球;TTE;,女子团体,金牌
11,中国,SUN Yingsha,乒乓球;TTE;,女子团体,金牌
12,中国,WANG Manyu,乒乓球;TTE;,女子团体,金牌
13,日本,ITO Mima,乒乓球;TTE;,混合双打,金牌
14,日本,MIZUTANI Jun,乒乓球;TTE;,混合双打,金牌
15,意大利,DELL'AQUILA Vito,跆拳道;TKW;,男子58公斤级,金牌
16,乌兹别克斯坦,RASHITOV Ulugbek,跆拳道;TKW;,男子68公斤级,金牌
17,ROC,KHRAMTCOV Maksim,跆拳道;TKW;,男子80公斤级,金牌
18,ROC,LARIN Vladislav,跆拳道;TKW;,男子80公斤以上级,金牌
19,泰国,WONGPATTANAKIT Panipak,跆拳道;TKW;,女子49公斤级,金牌
0,美国,ZOLOTIC Anastasija,跆拳道;TKW;,女子57公斤级,金牌
1,克罗地亚,JELIC Matea,跆拳道;TKW;,女子67公斤级,金牌
2,塞尔维亚,MANDIC Milica,跆拳道;TKW;,女子67公斤以上级,金牌
3,克罗地亚,MEKTIC Nikola,网球;TEN;,男子双打,金牌
4,克罗地亚,PAVIC Mate,网球;TEN;,男子双打,金牌
5,德国,ZVEREV Alexander,网球;TEN;,男子单打,金牌
6,捷克,KREJCIKOVA Barbora,网球;TEN;,女子双打,金牌
7,捷克,SINIAKOVA Katerina,网球;TEN;,女子双打,金牌
8,瑞士,BENCIC Belinda,网球;TEN;,女子单打,金牌
9,ROC,PAVLYUCHENKOVA Anastasia,网球;TEN;,混合双打,金牌
10,ROC,RUBLEV Andrey,网球;TEN;,混合双打,金牌
11,白俄罗斯,LITVINOVICH Ivan,蹦床体操;GTR;,男子组,金牌
12,中国,ZHU Xueying,蹦床体操;GTR;,女子组,金牌
13,挪威,BLUMMENFELT Kristian,铁人三项;TRI;,男子个人,金牌
14,百慕大,DUFFY Flora,铁人三项;TRI;,女子个人,金牌
15,英国,BROWNLEE Jonathan,铁人三项;TRI;,混合接力,金牌
16,英国,LEARMONTH Jessica,铁人三项;TRI;,混合接力,金牌
17,英国,TAYLOR-BROWN Georgia,铁人三项;TRI;,混合接力,金牌
18,英国,YEE Alex,铁人三项;TRI;,混合接力,金牌
19,法国,BOYER Stephen,排球;VVO;,男子组,金牌
0,法国,BRIZARD Antoine,排球;VVO;,男子组,金牌
1,法国,BULTOR Daryl,排球;VVO;,男子组,金牌
2,法国,CHINENYEZE Barthelemy,排球;VVO;,男子组,金牌
3,法国,CLEVENOT Trevor,排球;VVO;,男子组,金牌
4,法国,GREBENNIKOV Jenia,排球;VVO;,男子组,金牌
5,法国,le GOFF Nicolas,排球;VVO;,男子组,金牌
6,法国,LOUATI Yacine,排球;VVO;,男子组,金牌
7,法国,NGAPETH Earvin,排球;VVO;,男子组,金牌
8,法国,PATRY Jean,排球;VVO;,男子组,金牌
9,法国,TILLIE Kevin,排球;VVO;,男子组,金牌
10,法国,TONIUTTI Benjamin,排球;VVO;,男子组,金牌
11,美国,AKINRADEWO Foluke,排球;VVO;,女子组,金牌
12,美国,BARTSCH-HACKLEY Michelle,排球;VVO;,女子组,金牌
13,美国,DREWS Andrea,排球;VVO;,女子组,金牌
14,美国,HANCOCK Micha,排球;VVO;,女子组,金牌
15,美国,HILL Kimberly,排球;VVO;,女子组,金牌
16,美国,LARSON Jordan,排球;VVO;,女子组,金牌
17,美国,OGBOGU Chiaka,排球;VVO;,女子组,金牌
18,美国,POULTER Jordyn,排球;VVO;,女子组,金牌
19,美国,ROBINSON Kelsey,排球;VVO;,女子组,金牌
0,美国,THOMPSON Jordan,排球;VVO;,女子组,金牌
1,美国,WASHINGTON Haleigh,排球;VVO;,女子组,金牌
2,美国,WONG-ORANTES Justine,排球;VVO;,女子组,金牌
3,美国,FATTAL Rachel,水球;WPO;,女子组,金牌
4,美国,FISCHER Aria,水球;WPO;,女子组,金牌
5,美国,FISCHER Makenzie,水球;WPO;,女子组,金牌
6,美国,GILCHRIST Kaleigh,水球;WPO;,女子组,金牌
7,美国,HARALABIDIS Stephanie,水球;WPO;,女子组,金牌
8,美国,HAUSCHILD Paige,水球;WPO;,女子组,金牌
9,美国,JOHNSON Ashleigh,水球;WPO;,女子组,金牌
10,美国,LONGAN Amanda,水球;WPO;,女子组,金牌
11,美国,MUSSELMAN Madeline,水球;WPO;,女子组,金牌
12,美国,NEUSHUL Jamie,水球;WPO;,女子组,金牌
13,美国,SEIDEMANN Melissa,水球;WPO;,女子组,金牌
14,美国,STEFFENS Margaret,水球;WPO;,女子组,金牌
15,美国,WILLIAMS Alys,水球;WPO;,女子组,金牌
16,乌兹别克斯坦,DJURAEV Akbar,举重;WLF;,男子109公斤级,金牌
17,中国,LI Fabin,举重;WLF;,男子61公斤级,金牌
18,中国,CHEN Lijun,举重;WLF;,男子67公斤级,金牌
19,中国,SHI Zhiyong,举重;WLF;,男子73公斤级,金牌
0,中国,LYU Xiaojun,举重;WLF;,男子81公斤级,金牌
1,卡塔尔,ELBAKH Fares Ibrahim E H,举重;WLF;,男子96公斤级,金牌
2,格鲁吉亚,TALAKHADZE Lasha,举重;WLF;,男子109公斤以上级,金牌
3,中国,HOU Zhihui,举重;WLF;,女子49公斤级,金牌
4,菲律宾,DIAZ Hidilyn,举重;WLF;,女子55公斤级,金牌
5,中华台北,KUO Hsing-Chun,举重;WLF;,女子59公斤级,金牌
6,加拿大,CHARRON Maude G,举重;WLF;,女子64公斤级,金牌
7,厄瓜多尔,DAJOMES BARRERA Neisi Patricia,举重;WLF;,女子76公斤级,金牌
8,中国,WANG Zhouyu,举重;WLF;,女子87公斤级,金牌
9,中国,LI Wenwen,举重;WLF;,女子87公斤以上级,金牌
10,美国,STEVESON Gable Dan,摔跤;WRE;,男子自由式125公斤级,金牌
11,ROC,UGUEV Zavur,摔跤;WRE;,男子自由式57公斤级,金牌
12,日本,OTOGURO Takuto,摔跤;WRE;,男子自由式65公斤级,金牌
13,ROC,SIDAKOV Zaurbek,摔跤;WRE;,男子自由式74公斤级,金牌
14,美国,TAYLOR III David Morris,摔跤;WRE;,男子自由式86公斤级,金牌
15,ROC,SADULAEV Abdulrashid,摔跤;WRE;,男子自由式97公斤级,金牌
16,古巴,LOPEZ NUNEZ Mijain,摔跤;WRE;,男子古典式130公斤级,金牌
17,古巴,ORTA SANCHEZ Luis Alberto,摔跤;WRE;,男子古典式60公斤级,金牌
18,伊朗,GERAEI Mohammadreza,摔跤;WRE;,男子古典式67公斤级,金牌
19,匈牙利,LORINCZ Tamas,摔跤;WRE;,男子古典式77公斤级,金牌
0,乌克兰,BELENIUK Zhan,摔跤;WRE;,男子古典式87公斤级,金牌
1,ROC,EVLOEV Musa,摔跤;WRE;,男子古典式97公斤级,金牌
2,日本,SUSAKI Yui,摔跤;WRE;,女子自由式50公斤级,金牌
3,日本,MUKAIDA Mayu,摔跤;WRE;,女子自由式53公斤级,金牌
4,日本,KAWAI Risako,摔跤;WRE;,女子自由式57公斤级,金牌
5,日本,KAWAI Yukako,摔跤;WRE;,女子自由式62公斤级,金牌
6,美国,MENSAH STOCK Tamyra Mariama,摔跤;WRE;,女子自由式68公斤级,金牌
7,德国,ROTTER FOCKEN Aline,摔跤;WRE;,女子自由式76公斤级,金牌
8,ROC,KARPENKOV Ilia,三对三篮球;BK3;,男子组,银牌
9,ROC,PISKLOV Kirill,三对三篮球;BK3;,男子组,银牌
10,ROC,SHAROV Stanislav,三对三篮球;BK3;,男子组,银牌
11,ROC,ZUEV Alexander,三对三篮球;BK3;,男子组,银牌
12,ROC,FROLKINA Evgeniia,三对三篮球;BK3;,女子组,银牌
13,ROC,FROLKINA Olga,三对三篮球;BK3;,女子组,银牌
14,ROC,KOZIK Yulia,三对三篮球;BK3;,女子组,银牌
15,ROC,LOGUNOVA Anastasiia,三对三篮球;BK3;,女子组,银牌
16,意大利,NESPOLI Mauro,射箭;ARC;,男子个人,银牌
17,中华台北,DENG Yu-Cheng,射箭;ARC;,男子团体,银牌
18,中华台北,TANG Chih-Chun,射箭;ARC;,男子团体,银牌
19,中华台北,WEI Chun-Heng,射箭;ARC;,男子团体,银牌
0,ROC,OSIPOVA Elena,射箭;ARC;,女子个人,银牌
1,ROC,GOMBOEVA Svetlana,射箭;ARC;,女子团体,银牌
2,ROC,OSIPOVA Elena,射箭;ARC;,女子团体,银牌
3,ROC,PEROVA Ksenia,射箭;ARC;,女子团体,银牌
4,荷兰,SCHLOESSER Gabriela,射箭;ARC;,混合团体,银牌
5,荷兰,WIJLER Steve,射箭;ARC;,混合团体,银牌
6,中国,XIAO Ruoteng,竞技体操;GAR;,男子全能,银牌
7,西班牙,ZAPATA Rayderley,竞技体操;GAR;,男子自由体操,银牌
8,克罗地亚,SRBIC Tin,竞技体操;GAR;,男子单杠,银牌
9,德国,DAUSER Lukas,竞技体操;GAR;,男子双杠,银牌
10,中华台北,LEE Chih Kai,竞技体操;GAR;,男子鞍马,银牌
11,中国,YOU Hao,竞技体操;GAR;,男子吊环,银牌
12,ROC,ABLIAZIN Denis,竞技体操;GAR;,男子跳马,银牌
13,日本,HASHIMOTO Daiki,竞技体操;GAR;,男子团体,银牌
14,日本,KAYA Kazuma,竞技体操;GAR;,男子团体,银牌
15,日本,KITAZONO Takeru,竞技体操;GAR;,男子团体,银牌
16,日本,TANIGAWA Wataru,竞技体操;GAR;,男子团体,银牌
17,巴西,ANDRADE Rebeca,竞技体操;GAR;,女子全能,银牌
18,中国,TANG Xijing,竞技体操;GAR;,女子平衡木,银牌
19,意大利,FERRARI Vanessa,竞技体操;GAR;,女子自由体操,银牌
0,ROC,ILIANKOVA Anastasiia,竞技体操;GAR;,女子高低杠,银牌
1,美国,SKINNER Mykayla,竞技体操;GAR;,女子跳马,银牌
2,美国,BILES Simone,竞技体操;GAR;,女子团体,银牌
3,美国,CHILES Jordan,竞技体操;GAR;,女子团体,银牌
4,美国,LEE Sunisa,竞技体操;GAR;,女子团体,银牌
5,美国,Mc CALLUM Grace,竞技体操;GAR;,女子团体,银牌
6,中国,HUANG Xuechen,花样游泳;SWA;,双人,银牌
7,中国,SUN Wenyan,花样游泳;SWA;,双人,银牌
8,中国,FENG Yu,花样游泳;SWA;,团体,银牌
9,中国,GUO Li,花样游泳;SWA;,团体,银牌
10,中国,HUANG Xuechen,花样游泳;SWA;,团体,银牌
11,中国,LIANG Xinping,花样游泳;SWA;,团体,银牌
12,中国,SUN Wenyan,花样游泳;SWA;,团体,银牌
13,中国,WANG Qianyi,花样游泳;SWA;,团体,银牌
14,中国,XIAO Yanning,花样游泳;SWA;,团体,银牌
15,中国,YIN Chengxin,花样游泳;SWA;,团体,银牌
16,乌干达,CHEPTEGEI Joshua,田径;ATH;,男子10000米,银牌
17,美国,KERLEY Fred,田径;ATH;,男子100米,银牌
18,美国,HOLLOWAY Grant,田径;ATH;,男子110米跨栏,银牌
19,肯尼亚,CHERUIYOT Timothy,田径;ATH;,男子1500米,银牌
0,美国,BEDNAREK Kenneth,田径;ATH;,男子200米,银牌
1,日本,IKEDA Koki,田径;ATH;,男子20公里竞走,银牌
2,埃塞俄比亚,GIRMA Lamecha,田径;ATH;,男子3000米障碍赛,银牌
3,哥伦比亚,ZAMBRANO Anthony Jose,田径;ATH;,男子400米,银牌
4,美国,BENJAMIN Rai,田径;ATH;,男子400米跨栏,银牌
5,英国,HUGHES Zharnel,田径;ATH;,男子 4 x 100米接力,银牌
6,英国,KILTY Richard,田径;ATH;,男子 4 x 100米接力,银牌
7,英国,MITCHELL-BLAKE Nethaneel,田径;ATH;,男子 4 x 100米接力,银牌
8,英国,UJAH Chijindu,田径;ATH;,男子 4 x 100米接力,银牌
9,荷兰,AGARD Terrence,田径;ATH;,男子 4 x 400米接力,银牌
10,荷兰,ANGELA Ramsey,田径;ATH;,男子 4 x 400米接力,银牌
11,荷兰,BONEVACIA Liemarvin,田径;ATH;,男子 4 x 400米接力,银牌
12,荷兰,DOBBER Jochem,田径;ATH;,男子 4 x 400米接力,银牌
13,荷兰,van DIEPEN Tony,田径;ATH;,男子 4 x 400米接力,银牌
14,加拿大,AHMED Mohammed,田径;ATH;,男子5000米,银牌
15,德国,HILBERT Jonathan,田径;ATH;,男子50公里竞走,银牌
16,肯尼亚,ROTICH Ferguson Cheruiyot,田径;ATH;,男子800米,银牌
17,法国,MAYER Kevin,田径;ATH;,男子十项全能,银牌
18,瑞典,PETTERSSON Simon,田径;ATH;,男子铁饼,银牌
19,挪威,HENRIKSEN Eivind,田径;ATH;,男子链球,银牌
0,捷克,VADLEJCH Jakub,田径;ATH;,男子标枪,银牌
1,古巴,ECHEVARRIA Juan Miguel,田径;ATH;,男子跳远,银牌
2,荷兰,NAGEEYE Abdi,田径;ATH;,男子马拉松,银牌
3,美国,NILSEN Christopher,田径;ATH;,男子撑竿跳高,银牌
4,美国,KOVACS Joe,田径;ATH;,男子铅球,银牌
5,中国,ZHU Yaming,田径;ATH;,男子三级跳远,银牌
6,巴林,GEZAHEGNE Kalkidan,田径;ATH;,女子10000米,银牌
7,牙买加,FRASER-PRYCE Shelly-Ann,田径;ATH;,女子100米,银牌
8,美国,HARRISON Kendra,田径;ATH;,女子100米跨栏,银牌
9,英国,MUIR Laura,田径;ATH;,女子1500米,银牌
10,纳米比亚,MBOMA Christine,田径;ATH;,女子200米,银牌
11,哥伦比亚,ARENAS Sandra Lorena,田径;ATH;,女子20公里竞走,银牌
12,美国,FRERICHS Courtney,田径;ATH;,女子3000米障碍赛,银牌
13,多米尼加,PAULINO Marileidy,田径;ATH;,女子400米,银牌
14,美国,MUHAMMAD Dalilah,田径;ATH;,女子400米跨栏,银牌
15,美国,DANIELS Teahna,田径;ATH;,女子 4 x 100米接力,银牌
16,美国,GARDNER English,田径;ATH;,女子 4 x 100米接力,银牌
17,美国,HOBBS Aleia,田径;ATH;,女子 4 x 100米接力,银牌
18,美国,OLIVER Javianne,田径;ATH;,女子 4 x 100米接力,银牌
19,美国,PRANDINI Jenna,田径;ATH;,女子 4 x 100米接力,银牌
0,美国,THOMAS Gabrielle,田径;ATH;,女子 4 x 100米接力,银牌
1,波兰,BAUMGART-WITAN Iga,田径;ATH;,女子 4 x 400米接力,银牌
2,波兰,HOLUB-KOWALIK Malgorzata,田径;ATH;,女子 4 x 400米接力,银牌
3,波兰,KACZMAREK Natalia,田径;ATH;,女子 4 x 400米接力,银牌
4,波兰,KIELBASINSKA Anna,田径;ATH;,女子 4 x 400米接力,银牌
5,波兰,SWIETY-ERSETIC Justyna,田径;ATH;,女子 4 x 400米接力,银牌
6,肯尼亚,OBIRI Hellen,田径;ATH;,女子5000米,银牌
7,英国,HODGKINSON Keely,田径;ATH;,女子800米,银牌
8,德国,PUDENZ Kristin,田径;ATH;,女子铁饼,银牌
9,中国,WANG Zheng,田径;ATH;,女子链球,银牌
10,荷兰,VETTER Anouk,田径;ATH;,女子七项全能,银牌
11,澳大利亚,McDERMOTT Nicola,田径;ATH;,女子跳高,银牌
12,波兰,ANDREJCZYK Maria,田径;ATH;,女子标枪,银牌
13,美国,REESE Brittney,田径;ATH;,女子跳远,银牌
14,肯尼亚,KOSGEI Brigid,田径;ATH;,女子马拉松,银牌
15,ROC,SIDOROVA Anzhelika,田径;ATH;,女子撑竿跳高,银牌
16,美国,SAUNDERS Raven,田径;ATH;,女子铅球,银牌
17,葡萄牙,MAMONA Patricia,田径;ATH;,女子三级跳远,银牌
18,多米尼加,FELIZ Lidio Andres,田径;ATH;,混合4 x 400米接力,银牌
19,多米尼加,MEDINA VENTURA Anabel,田径;ATH;,混合4 x 400米接力,银牌
0,多米尼加,OGANDO Alexander,田径;ATH;,混合4 x 400米接力,银牌
1,多米尼加,PAULINO Marileidy,田径;ATH;,混合4 x 400米接力,银牌
2,多米尼加,SANTOS Luguelin,田径;ATH;,混合4 x 400米接力,银牌
3,中国,LI Jun Hui,羽毛球;BDM;,男子双打,银牌
4,中国,LIU Yu Chen,羽毛球;BDM;,男子双打,银牌
5,中国,CHEN Long,羽毛球;BDM;,男子单打,银牌
6,中国,CHEN Qing Chen,羽毛球;BDM;,女子双打,银牌
7,中国,JIA Yi Fan,羽毛球;BDM;,女子双打,银牌
8,中华台北,TAI Tzu-Ying,羽毛球;BDM;,女子单打,银牌
9,中国,HUANG Ya Qiong,羽毛球;BDM;,混合双打,银牌
10,中国,ZHENG Si Wei,羽毛球;BDM;,混合双打,银牌
11,美国,ALLEN Nick,棒球/垒球;BSB;,棒球,银牌
12,美国,ALVAREZ Eddy,棒球/垒球;BSB;,棒球,银牌
13,美国,AUSTIN Tyler,棒球/垒球;BSB;,棒球,银牌
14,美国,BAZ Shane,棒球/垒球;BSB;,棒球,银牌
15,美国,CARTER Anthony,棒球/垒球;BSB;,棒球,银牌
16,美国,CASAS Triston,棒球/垒球;BSB;,棒球,银牌
17,美国,DICKSON Brandon,棒球/垒球;BSB;,棒球,银牌
18,美国,FEDEROWICZ Tim,棒球/垒球;BSB;,棒球,银牌
19,美国,FILIA Eric,棒球/垒球;BSB;,棒球,银牌
0,美国,FRAZIER Todd,棒球/垒球;BSB;,棒球,银牌
1,美国,GOSE Anthony,棒球/垒球;BSB;,棒球,银牌
2,美国,JACKSON JR Edwin,棒球/垒球;BSB;,棒球,银牌
3,美国,KAZMIR Scott,棒球/垒球;BSB;,棒球,银牌
4,美国,KIVLEHAN Patrick,棒球/垒球;BSB;,棒球,银牌
5,美国,KOLOZSVARY Mark,棒球/垒球;BSB;,棒球,银牌
6,美国,LOPEZ Jack,棒球/垒球;BSB;,棒球,银牌
7,美国,MARTINEZ Nick,棒球/垒球;BSB;,棒球,银牌
8,美国,McGOUGH Scott,棒球/垒球;BSB;,棒球,银牌
9,美国,ROBERTSON David,棒球/垒球;BSB;,棒球,银牌
10,美国,RYAN Joe,棒球/垒球;BSB;,棒球,银牌
11,美国,RYAN Ryder,棒球/垒球;BSB;,棒球,银牌
12,美国,STARLING Bubba,棒球/垒球;BSB;,棒球,银牌
13,美国,WESTBROOK Jamie,棒球/垒球;BSB;,棒球,银牌
14,美国,WOODS RICHARDSON Simeon,棒球/垒球;BSB;,棒球,银牌
15,美国,ABBOTT Monica,棒球/垒球;BSB;,垒球,银牌
16,美国,AGUILAR Ali,棒球/垒球;BSB;,垒球,银牌
17,美国,ARIOTO Valerie,棒球/垒球;BSB;,垒球,银牌
18,美国,CARDA Ally,棒球/垒球;BSB;,垒球,银牌
19,美国,CHIDESTER Amanda,棒球/垒球;BSB;,垒球,银牌
0,美国,GARCIA Rachel,棒球/垒球;BSB;,垒球,银牌
1,美国,Mc CLENEY Haylie,棒球/垒球;BSB;,垒球,银牌
2,美国,MOULTRIE Michelle,棒球/垒球;BSB;,垒球,银牌
3,美国,MULIPOLA Dejah,棒球/垒球;BSB;,垒球,银牌
4,美国,MUNRO Aubree,棒球/垒球;BSB;,垒球,银牌
5,美国,NICKLES Bubba,棒球/垒球;BSB;,垒球,银牌
6,美国,OSTERMAN Cat,棒球/垒球;BSB;,垒球,银牌
7,美国,REED Janie,棒球/垒球;BSB;,垒球,银牌
8,美国,SPAULDING Delaney,棒球/垒球;BSB;,垒球,银牌
9,美国,STEWART Kelsey,棒球/垒球;BSB;,垒球,银牌
10,法国,ALBICY Andrew,篮球;BKB;,男子组,银牌
11,法国,BATUM Nicolas,篮球;BKB;,男子组,银牌
12,法国,CORNELIE Petr,篮球;BKB;,男子组,银牌
13,法国,de COLO Nando,篮球;BKB;,男子组,银牌
14,法国,FALL Moustapha,篮球;BKB;,男子组,银牌
15,法国,FOURNIER Evan,篮球;BKB;,男子组,银牌
16,法国,GOBERT Rudy,篮球;BKB;,男子组,银牌
17,法国,HEURTEL Thomas,篮球;BKB;,男子组,银牌
18,法国,LUWAWU CABARROT Timothe,篮球;BKB;,男子组,银牌
19,法国,NTILIKINA Frank,篮球;BKB;,男子组,银牌
0,法国,POIRIER Vincent,篮球;BKB;,男子组,银牌
1,法国,YABUSELE Guerschon,篮球;BKB;,男子组,银牌
2,日本,AKAHO Himawari,篮球;BKB;,女子组,银牌
3,日本,HAYASHI Saki,篮球;BKB;,女子组,银牌
4,日本,MACHIDA Rui,篮球;BKB;,女子组,银牌
5,日本,MAWULI Evelyn,篮球;BKB;,女子组,银牌
6,日本,MIYAZAKI Saori,篮球;BKB;,女子组,银牌
7,日本,MIYAZAWA Yuki,篮球;BKB;,女子组,银牌
8,日本,MIYOSHI Naho,篮球;BKB;,女子组,银牌
9,日本,MOTOHASHI Nako,篮球;BKB;,女子组,银牌
10,日本,NAGAOKA Moeko,篮球;BKB;,女子组,银牌
11,日本,OKOYE Monica,篮球;BKB;,女子组,银牌
12,日本,TAKADA Maki,篮球;BKB;,女子组,银牌
13,日本,TODO Nanako,篮球;BKB;,女子组,银牌
14,ROC,KRASILNIKOV Viacheslav,沙滩排球;VBV;,男子组,银牌
15,ROC,STOYANOVSKIY Oleg,沙滩排球;VBV;,男子组,银牌
16,澳大利亚,ARTACHO del SOLAR Mariafe,沙滩排球;VBV;,女子组,银牌
17,澳大利亚,CLANCY Taliqua,沙滩排球;VBV;,女子组,银牌
18,菲律宾,PAALAM Carlo,拳击;BOX;,男子蝇量级(48-52公斤),银牌
19,美国,RAGAN Duke,拳击;BOX;,男子羽量级(52-57公斤),银牌
0,美国,DAVIS Keyshawn,拳击;BOX;,男子轻量级(57-63公斤),银牌
1,英国,McCORMACK Pat,拳击;BOX;,男子沉量级(63-69公斤),银牌
2,乌克兰,KHYZHNIAK Oleksandr,拳击;BOX;,男子中量级(69-75公斤),银牌
3,英国,WHITTAKER Benjamin,拳击;BOX;,男子轻重量级(75-81公斤),银牌
4,ROC,GADZHIMAGOMEDOV Muslim,拳击;BOX;,男子重量级(81-91公斤),银牌
5,美国,TORREZ JR Richard,拳击;BOX;,男子超重量级(91公斤以上),银牌
6,土耳其,CAKIROGLU Buse Naz,拳击;BOX;,女子蝇量级(48-51公斤),银牌
7,菲律宾,PETECIO Nesthy,拳击;BOX;,女子羽量级(54-57公斤),银牌
8,巴西,FERREIRA Beatriz,拳击;BOX;,女子轻量级(57-60公斤),银牌
9,中国,GU Hong,拳击;BOX;,女子沉量级(64-69公斤),银牌
10,中国,LI Qian,拳击;BOX;,女子中量级(69-75公斤),银牌
11,捷克,ROHAN Lukas,激流皮划艇;CSL;,男子划艇,银牌
12,斯洛伐克,GRIGAR Jakub,激流皮划艇;CSL;,男子皮艇,银牌
13,英国,FRANKLIN Mallory,激流皮划艇;CSL;,女子划艇,银牌
14,西班牙,CHOURRAUT Maialen,激流皮划艇;CSL;,女子皮艇,银牌
15,中国,LIU Hao,静水皮划艇;CSP;,男子1000米单人划艇,银牌
16,中国,LIU Hao,静水皮划艇;CSP;,男子1000米双人划艇,银牌
17,中国,ZHENG Pengfei,静水皮划艇;CSP;,男子1000米双人划艇,银牌
18,匈牙利,VARGA Adam,静水皮划艇;CSP;,男子1000米单人皮艇,银牌
19,意大利,RIZZA Manfredi,静水皮划艇;CSP;,男子200米单人皮艇,银牌
0,德国,HOFF Max,静水皮划艇;CSP;,男子1000米双人皮艇,银牌
1,德国,SCHOPF Jacob,静水皮划艇;CSP;,男子1000米双人皮艇,银牌
2,西班牙,AREVALO Carlos,静水皮划艇;CSP;,男子500米四人皮艇,银牌
3,西班牙,CRAVIOTTO Saul,静水皮划艇;CSP;,男子500米四人皮艇,银牌
4,西班牙,GERMADE Rodrigo,静水皮划艇;CSP;,男子500米四人皮艇,银牌
5,西班牙,WALZ Marcus,静水皮划艇;CSP;,男子500米四人皮艇,银牌
6,加拿大,VINCENT-LAPOINTE Laurence,静水皮划艇;CSP;,女子200米单人划艇,银牌
7,乌克兰,CHETVERIKOVA Anastasiia,静水皮划艇;CSP;,女子500米双人划艇,银牌
8,乌克兰,LUZAN Liudmyla,静水皮划艇;CSP;,女子500米双人划艇,银牌
9,西班牙,PORTELA Teresa,静水皮划艇;CSP;,女子200米单人皮艇,银牌
10,匈牙利,CSIPES Tamara,静水皮划艇;CSP;,女子500米单人皮艇,银牌
11,波兰,NAJA Karolina,静水皮划艇;CSP;,女子500米双人皮艇,银牌
12,波兰,PULAWSKA Anna,静水皮划艇;CSP;,女子500米双人皮艇,银牌
13,白俄罗斯,KHUDZENKA Volha,静水皮划艇;CSP;,女子500米四人皮艇,银牌
14,白俄罗斯,LITVINCHUK Maryna,静水皮划艇;CSP;,女子500米四人皮艇,银牌
15,白俄罗斯,MAKHNEVA Marharyta,静水皮划艇;CSP;,女子500米四人皮艇,银牌
16,白俄罗斯,PAPOK Nadzeya,静水皮划艇;CSP;,女子500米四人皮艇,银牌
17,委内瑞拉,DHERS Daniel,自由式小轮车;BMF;,男子公园赛,银牌
18,美国,ROBERTS Hannah,自由式小轮车;BMF;,女子公园赛,银牌
19,英国,WHYTE Kye,竞速小轮车;BMX;,男子组,银牌
0,哥伦比亚,PAJON Mariana,竞速小轮车;BMX;,女子组,银牌
1,瑞士,FLUECKIGER Mathias,山地自行车;MTB;,男子越野赛,银牌
2,瑞士,FREI Sina,山地自行车;MTB;,女子越野赛,银牌
3,比利时,van AERT Wout,公路自行车;CRD;,男子公路赛,银牌
4,荷兰,DUMOULIN Tom,公路自行车;CRD;,男子个人计时赛,银牌
5,荷兰,van VLEUTEN Annemiek,公路自行车;CRD;,女子公路赛,银牌
6,瑞士,REUSSER Marlen,公路自行车;CRD;,女子个人计时赛,银牌
7,马来西亚,AWANG Mohd Azizulhasni,场地自行车;CTR;,男子凯林赛,银牌
8,英国,HAYTER Ethan,场地自行车;CTR;,男子麦迪逊赛,银牌
9,英国,WALLS Matthew,场地自行车;CTR;,男子麦迪逊赛,银牌
10,新西兰,STEWART Campbell,场地自行车;CTR;,男子全能赛,银牌
11,丹麦,HANSEN Lasse Norman,场地自行车;CTR;,男子团体追逐赛,银牌
12,丹麦,LARSEN Niklas,场地自行车;CTR;,男子团体追逐赛,银牌
13,丹麦,MADSEN Frederik,场地自行车;CTR;,男子团体追逐赛,银牌
14,丹麦,PEDERSEN Rasmus,场地自行车;CTR;,男子团体追逐赛,银牌
15,荷兰,HOOGLAND Jeffrey,场地自行车;CTR;,男子争先赛,银牌
16,英国,CARLIN Jack,场地自行车;CTR;,男子团体争先赛,银牌
17,英国,KENNY Jason,场地自行车;CTR;,男子团体争先赛,银牌
18,英国,OWENS Ryan,场地自行车;CTR;,男子团体争先赛,银牌
19,新西兰,ANDREWS Ellesse,场地自行车;CTR;,女子凯林赛,银牌
0,丹麦,DIDERIKSEN Amalie,场地自行车;CTR;,女子麦迪逊赛,银牌
1,丹麦,LETH Julie,场地自行车;CTR;,女子麦迪逊赛,银牌
2,日本,KAJIHARA Yumi,场地自行车;CTR;,女子全能赛,银牌
3,英国,ARCHIBALD Katie,场地自行车;CTR;,女子团体追逐赛,银牌
4,英国,BARKER Elinor,场地自行车;CTR;,女子团体追逐赛,银牌
5,英国,EVANS Neah,场地自行车;CTR;,女子团体追逐赛,银牌
6,英国,KENNY Laura,场地自行车;CTR;,女子团体追逐赛,银牌
7,英国,KNIGHT Josie,场地自行车;CTR;,女子团体追逐赛,银牌
8,乌克兰,STARIKOVA Olena,场地自行车;CTR;,女子争先赛,银牌
9,德国,FRIEDRICH Lea Sophie,场地自行车;CTR;,女子团体争先赛,银牌
10,德国,HINZE Emma,场地自行车;CTR;,女子团体争先赛,银牌
11,中国,YANG Jian,跳水;DIV;,男子10米跳台跳水,银牌
12,中国,CAO Yuan,跳水;DIV;,男子双人10米跳台跳水,银牌
13,中国,CHEN Aisen,跳水;DIV;,男子双人10米跳台跳水,银牌
14,中国,WANG Zongyuan,跳水;DIV;,男子3米跳板跳水,银牌
15,美国,CAPOBIANCO Andrew,跳水;DIV;,男子双人3米跳板跳水,银牌
16,美国,HIXON Michael,跳水;DIV;,男子双人3米跳板跳水,银牌
17,中国,CHEN Yuxi,跳水;DIV;,女子10米跳台跳水,银牌
18,美国,PARRATTO Jessica,跳水;DIV;,女子双人10米跳台跳水,银牌
19,美国,SCHNELL Delaney,跳水;DIV;,女子双人10米跳台跳水,银牌
0,中国,WANG Han,跳水;DIV;,女子3米跳板跳水,银牌
1,加拿大,ABEL Jennifer,跳水;DIV;,女子双人3米跳板跳水,银牌
2,加拿大,CITRINI BEAULIEU Melissa,跳水;DIV;,女子双人3米跳板跳水,银牌
3,德国,WERTH Isabell,马术;EQU;,盛装舞步个人赛,银牌
4,美国,LYLE Adrienne,马术;EQU;,盛装舞步团体赛,银牌
5,美国,PETERS Steffen,马术;EQU;,盛装舞步团体赛,银牌
6,美国,SCHUT-KERY Sabine,马术;EQU;,盛装舞步团体赛,银牌
7,英国,McEWEN Tom,马术;EQU;,三项赛个人赛,银牌
8,澳大利亚,HOY Andrew,马术;EQU;,三项赛团体赛,银牌
9,澳大利亚,McNAB Kevin,马术;EQU;,三项赛团体赛,银牌
10,澳大利亚,ROSE Shane,马术;EQU;,三项赛团体赛,银牌
11,瑞典,FREDRICSON Peder,马术;EQU;,场地障碍个人赛,银牌
12,美国,KRAUT Laura,马术;EQU;,场地障碍团体赛,银牌
13,美国,SPRINGSTEEN Jessica,马术;EQU;,场地障碍团体赛,银牌
14,美国,WARD McLain,马术;EQU;,场地障碍团体赛,银牌
15,匈牙利,SIKLOSI Gergely,击剑;FEN;,男子个人重剑,银牌
16,意大利,GAROZZO Daniele,击剑;FEN;,男子个人花剑,银牌
17,意大利,SAMELE Luigi,击剑;FEN;,男子个人佩剑,银牌
18,ROC,BIDA Sergey,击剑;FEN;,男子团体重剑,银牌
19,ROC,GLAZKOV Nikita,击剑;FEN;,男子团体重剑,银牌
0,ROC,KHODOS Sergey,击剑;FEN;,男子团体重剑,银牌
1,ROC,SUKHOV Pavel,击剑;FEN;,男子团体重剑,银牌
2,ROC,BORODACHEV Anton,击剑;FEN;,男子团体花剑,银牌
3,ROC,BORODACHEV Kirill,击剑;FEN;,男子团体花剑,银牌
4,ROC,MYLNIKOV Vladislav,击剑;FEN;,男子团体花剑,银牌
5,ROC,SAFIN Timur,击剑;FEN;,男子团体花剑,银牌
6,意大利,BERRE' Enrico,击剑;FEN;,男子团体佩剑,银牌
7,意大利,CURATOLI Luca,击剑;FEN;,男子团体佩剑,银牌
8,意大利,MONTANO Aldo,击剑;FEN;,男子团体佩剑,银牌
9,意大利,SAMELE Luigi,击剑;FEN;,男子团体佩剑,银牌
10,罗马尼亚,POPESCU Ana Maria,击剑;FEN;,女子个人重剑,银牌
11,ROC,DERIGLAZOVA Inna,击剑;FEN;,女子个人花剑,银牌
12,ROC,VELIKAYA Sofya,击剑;FEN;,女子个人佩剑,银牌
13,韩国,CHOI Injeong,击剑;FEN;,女子团体重剑,银牌
14,韩国,KANG Young Mi,击剑;FEN;,女子团体重剑,银牌
15,韩国,LEE Hyein,击剑;FEN;,女子团体重剑,银牌
16,韩国,SONG Sera,击剑;FEN;,女子团体重剑,银牌
17,法国,BLAZE Anita,击剑;FEN;,女子团体花剑,银牌
18,法国,GUYART Astrid,击剑;FEN;,女子团体花剑,银牌
19,法国,RANVIER Pauline,击剑;FEN;,女子团体花剑,银牌
0,法国,THIBUS Ysaora,击剑;FEN;,女子团体花剑,银牌
1,法国,BALZER Sara,击剑;FEN;,女子团体佩剑,银牌
2,法国,BERDER Cecilia,击剑;FEN;,女子团体佩剑,银牌
3,法国,BRUNET Manon,击剑;FEN;,女子团体佩剑,银牌
4,法国,LEMBACH Charlotte,击剑;FEN;,女子团体佩剑,银牌
5,西班牙,ASENSIO Marco,足球;FBL;,男子组,银牌
6,西班牙,CEBALLOS Dani,足球;FBL;,男子组,银牌
7,西班牙,CUCURELLA Marc,足球;FBL;,男子组,银牌
8,西班牙,FERNANDEZ Alvaro,足球;FBL;,男子组,银牌
9,西班牙,GARCIA Eric,足球;FBL;,男子组,银牌
10,西班牙,GIL Bryan,足球;FBL;,男子组,银牌
11,西班牙,GIL Oscar,足球;FBL;,男子组,银牌
12,西班牙,GONZALEZ Pedri,足球;FBL;,男子组,银牌
13,西班牙,MERINO Mikel,足球;FBL;,男子组,银牌
14,西班牙,MINGUEZA Oscar,足球;FBL;,男子组,银牌
15,西班牙,MIR Rafa,足球;FBL;,男子组,银牌
16,西班牙,MIRANDA Juan,足球;FBL;,男子组,银牌
17,西班牙,MONCAYOLA Jon,足球;FBL;,男子组,银牌
18,西班牙,OLMO Dani,足球;FBL;,男子组,银牌
19,西班牙,OYARZABAL Mikel,足球;FBL;,男子组,银牌
0,西班牙,PUADO Javier,足球;FBL;,男子组,银牌
1,西班牙,SIMON Unai,足球;FBL;,男子组,银牌
2,西班牙,SOLER Carlos,足球;FBL;,男子组,银牌
3,西班牙,TORRES Pau,足球;FBL;,男子组,银牌
4,西班牙,VALLEJO Jesus,足球;FBL;,男子组,银牌
5,西班牙,VILLAR Ivan,足球;FBL;,男子组,银牌
6,西班牙,ZUBIMENDI Martin,足球;FBL;,男子组,银牌
7,瑞典,ANDERSSON Jonna,足球;FBL;,女子组,银牌
8,瑞典,ANGELDAL Filippa,足球;FBL;,女子组,银牌
9,瑞典,ANVEGARD Anna,足球;FBL;,女子组,银牌
10,瑞典,ASLLANI Kosovare,足球;FBL;,女子组,银牌
11,瑞典,BENNISON Hanna,足球;FBL;,女子组,银牌
12,瑞典,BJORN Nathalie,足球;FBL;,女子组,银牌
13,瑞典,BLACKSTENIUS Stina,足球;FBL;,女子组,银牌
14,瑞典,BLOMQVIST Rebecka,足球;FBL;,女子组,银牌
15,瑞典,ERIKSSON Magdalena,足球;FBL;,女子组,银牌
16,瑞典,FALK Jennifer,足球;FBL;,女子组,银牌
17,瑞典,GLAS Hanna,足球;FBL;,女子组,银牌
18,瑞典,HURTIG Lina,足球;FBL;,女子组,银牌
19,瑞典,ILESTEDT Amanda,足球;FBL;,女子组,银牌
0,瑞典,JAKOBSSON Sofia,足球;FBL;,女子组,银牌
1,瑞典,JANOGY Madelen,足球;FBL;,女子组,银牌
2,瑞典,KULLBERG Emma,足球;FBL;,女子组,银牌
3,瑞典,LINDAHL Hedvig,足球;FBL;,女子组,银牌
4,瑞典,MUSOVIC Zecira,足球;FBL;,女子组,银牌
5,瑞典,RODDAR Julia,足球;FBL;,女子组,银牌
6,瑞典,ROLFO Fridolina,足球;FBL;,女子组,银牌
7,瑞典,SCHOUGH Olivia,足球;FBL;,女子组,银牌
8,瑞典,SEGER Caroline,足球;FBL;,女子组,银牌
9,斯洛伐克,SABBATINI Rory,高尔夫;GLF;,男子个人比杆赛,银牌
10,日本,INAMI Mone,高尔夫;GLF;,女子个人比杆赛,银牌
11,丹麦,ANDERSSON Lasse,手球;HBL;,男子组,银牌
12,丹麦,GIDSEL Mathias,手球;HBL;,男子组,银牌
13,丹麦,HANSEN Johan,手球;HBL;,男子组,银牌
14,丹麦,HANSEN Mikkel,手球;HBL;,男子组,银牌
15,丹麦,HOLM Jacob,手球;HBL;,男子组,银牌
16,丹麦,JAKOBSEN Emil,手球;HBL;,男子组,银牌
17,丹麦,LANDIN Magnus,手球;HBL;,男子组,银牌
18,丹麦,LANDIN Niklas,手球;HBL;,男子组,银牌
19,丹麦,MENSAH Mads,手球;HBL;,男子组,银牌
0,丹麦,MOELLER Kevin,手球;HBL;,男子组,银牌
1,丹麦,MOELLGAARD Henrik,手球;HBL;,男子组,银牌
2,丹麦,OLSEN Morten,手球;HBL;,男子组,银牌
3,丹麦,SAUGSTRUP Magnus,手球;HBL;,男子组,银牌
4,丹麦,SVAN Lasse,手球;HBL;,男子组,银牌
5,丹麦,TOFT HANSEN Henrik,手球;HBL;,男子组,银牌
6,ROC,BOBROVNIKOVA Vladlena,手球;HBL;,女子组,银牌
7,ROC,DMITRIEVA Daria,手球;HBL;,女子组,银牌
8,ROC,FOMINA Olga,手球;HBL;,女子组,银牌
9,ROC,GORSHKOVA Polina,手球;HBL;,女子组,银牌
10,ROC,ILINA Ekaterina,手球;HBL;,女子组,银牌
11,ROC,KALININA Viktoriia,手球;HBL;,女子组,银牌
12,ROC,KUZNETSOVA Polina,手球;HBL;,女子组,银牌
13,ROC,MAKEEVA Kseniia,手球;HBL;,女子组,银牌
14,ROC,MANAGAROVA Iuliia,手球;HBL;,女子组,银牌
15,ROC,MIKHAYLICHENKO Elena,手球;HBL;,女子组,银牌
16,ROC,SEDOYKINA Anna,手球;HBL;,女子组,银牌
17,ROC,SEN Anna,手球;HBL;,女子组,银牌
18,ROC,SKOROBOGATCHENKO Antonina,手球;HBL;,女子组,银牌
19,ROC,VEDEKHINA Polina,手球;HBL;,女子组,银牌
0,ROC,VYAKHIREVA Anna,手球;HBL;,女子组,银牌
1,澳大利亚,BEALE Daniel James,曲棍球;HOC;,男子组,银牌
2,澳大利亚,BELTZ Joshua,曲棍球;HOC;,男子组,银牌
3,澳大利亚,BRAND Tim,曲棍球;HOC;,男子组,银牌
4,澳大利亚,CHARTER Andrew Lewis,曲棍球;HOC;,男子组,银牌
5,澳大利亚,CRAIG Thomas William,曲棍球;HOC;,男子组,银牌
6,澳大利亚,DAWSON Matthew,曲棍球;HOC;,男子组,银牌
7,澳大利亚,GOVERS Blake,曲棍球;HOC;,男子组,银牌
8,澳大利亚,HAYWARD Jeremy Thomas,曲棍球;HOC;,男子组,银牌
9,澳大利亚,HOWARD Tim,曲棍球;HOC;,男子组,银牌
10,澳大利亚,MARTIN Dylan,曲棍球;HOC;,男子组,银牌
11,澳大利亚,MITTON Trent Grant,曲棍球;HOC;,男子组,银牌
12,澳大利亚,OCKENDEN Edward Clive,曲棍球;HOC;,男子组,银牌
13,澳大利亚,OGILVIE Flynn Andrew,曲棍球;HOC;,男子组,银牌
14,澳大利亚,SHARP Lachlan Thomas,曲棍球;HOC;,男子组,银牌
15,澳大利亚,SIMMONDS Joshua,曲棍球;HOC;,男子组,银牌
16,澳大利亚,WHETTON Jacob Thomas,曲棍球;HOC;,男子组,银牌
17,澳大利亚,WICKHAM Tom Joseph,曲棍球;HOC;,男子组,银牌
18,澳大利亚,ZALEWSKI Aran,曲棍球;HOC;,男子组,银牌
19,阿根廷,ALBERTARRIO Agustina,曲棍球;HOC;,女子组,银牌
0,阿根廷,ALONSO Agostina,曲棍球;HOC;,女子组,银牌
1,阿根廷,BARRIONUEVO Maria Noel,曲棍球;HOC;,女子组,银牌
2,阿根廷,COSTA BIONDI Valentina Isabel,曲棍球;HOC;,女子组,银牌
3,阿根廷,FORCHERIO Maria Emilia,曲棍球;HOC;,女子组,银牌
4,阿根廷,GORZELANY Agustina,曲棍球;HOC;,女子组,银牌
5,阿根廷,GRANATTO Maria Jose,曲棍球;HOC;,女子组,银牌
6,阿根廷,GRANATTO Maria Victoria,曲棍球;HOC;,女子组,银牌
7,阿根廷,JANKUNAS Julieta,曲棍球;HOC;,女子组,银牌
8,阿根廷,MACCARI Sofia,曲棍球;HOC;,女子组,银牌
9,阿根廷,MERINO Delfina,曲棍球;HOC;,女子组,银牌
10,阿根廷,RAPOSO RUIZ de los LLANOS Valentina,曲棍球;HOC;,女子组,银牌
11,阿根廷,RETEGUI Micaela,曲棍球;HOC;,女子组,银牌
12,阿根廷,SANCHEZ MOCCIA Rocio,曲棍球;HOC;,女子组,银牌
13,阿根廷,SAUZE VALDEZ Victoria,曲棍球;HOC;,女子组,银牌
14,阿根廷,SUCCI Maria Belen,曲棍球;HOC;,女子组,银牌
15,阿根廷,TOCCALINO Sofia,曲棍球;HOC;,女子组,银牌
16,阿根廷,TRINCHINETTI Eugenia Maria,曲棍球;HOC;,女子组,银牌
17,韩国,CHO Guham,柔道;JUD;,男子100公斤级,银牌
18,中华台北,YANG Yung Wei,柔道;JUD;,男子60公斤级,银牌
19,格鲁吉亚,MARGVELASHVILI Vazha,柔道;JUD;,男子66公斤级,银牌
0,格鲁吉亚,SHAVDATUASHVILI Lasha,柔道;JUD;,男子73公斤级,银牌
1,蒙古,MOLLAEI Saeid,柔道;JUD;,男子81公斤级,银牌
2,德国,TRIPPEL Eduard,柔道;JUD;,男子90公斤级,银牌
3,格鲁吉亚,TUSHISHVILI Guram,柔道;JUD;,男子100公斤以上级,银牌
4,日本,TONAKI Funa,柔道;JUD;,女子48公斤级,银牌
5,法国,BUCHARD Amandine,柔道;JUD;,女子52公斤级,银牌
6,法国,CYSIQUE Sarah Leonie,柔道;JUD;,女子57公斤级,银牌
7,斯洛文尼亚,TRSTENJAK Tina,柔道;JUD;,女子63公斤级,银牌
8,奥地利,POLLERES Michaela,柔道;JUD;,女子70公斤级,银牌
9,法国,MALONGA Madeleine,柔道;JUD;,女子78公斤级,银牌
10,古巴,ORTIZ Idalys,柔道;JUD;,女子78公斤以上级,银牌
11,日本,ABE Hifumi,柔道;JUD;,混合团体,银牌
12,日本,ABE Uta,柔道;JUD;,混合团体,银牌
13,日本,ARAI Chizuru,柔道;JUD;,混合团体,银牌
14,日本,HAMADA Shori,柔道;JUD;,混合团体,银牌
15,日本,HARASAWA Hisayoshi,柔道;JUD;,混合团体,银牌
16,日本,MUKAI Shoichiro,柔道;JUD;,混合团体,银牌
17,日本,NAGASE Takanori,柔道;JUD;,混合团体,银牌
18,日本,ONO Shohei,柔道;JUD;,混合团体,银牌
19,日本,SONE Akira,柔道;JUD;,混合团体,银牌
0,日本,TASHIRO Miku,柔道;JUD;,混合团体,银牌
1,日本,WOLF Aaron,柔道;JUD;,混合团体,银牌
2,日本,YOSHIDA Tsukasa,柔道;JUD;,混合团体,银牌
3,土耳其,SAMDAN Eray,空手道;KTE;,男子组手67公斤级,银牌
4,阿塞拜疆,AGHAYEV Rafael,空手道;KTE;,男子组手75公斤级,银牌
5,西班牙,QUINTERO Damian,空手道;KTE;,男子个人型,银牌
6,沙特阿拉伯,HAMEDI Tareg,空手道;KTE;,男子组手75公斤以上级,银牌
7,乌克兰,TERLIUGA Anzhelika,空手道;KTE;,女子组手55公斤级,银牌
8,中国,YIN Xiaoyan,空手道;KTE;,女子组手61公斤级,银牌
9,日本,SHIMIZU Kiyou,空手道;KTE;,女子个人型,银牌
10,阿塞拜疆,ZARETSKA Iryna,空手道;KTE;,女子组手61公斤以上级,银牌
11,匈牙利,RASOVSZKY Kristof,马拉松游泳;OWS;,男子10公里,银牌
12,荷兰,van ROUWENDAAL Sharon,马拉松游泳;OWS;,女子10公里,银牌
13,埃及,ELGENDY Ahmed,现代五项;MPN;,男子个人,银牌
14,立陶宛,ASADAUSKAITE Laura,现代五项;MPN;,女子个人,银牌
15,ROC,AVERINA Dina,艺术体操;GRY;,个人全能,银牌
16,ROC,BLIZNYUK Anastasia,艺术体操;GRY;,团体全能,银牌
17,ROC,MAKSIMOVA Anastasiia,艺术体操;GRY;,团体全能,银牌
18,ROC,SHKATOVA Angelina,艺术体操;GRY;,团体全能,银牌
19,ROC,TATAREVA Anastasiia,艺术体操;GRY;,团体全能,银牌
0,ROC,TISHCHENKO Alisa,艺术体操;GRY;,团体全能,银牌
1,德国,FOLLERT Laurits,赛艇;ROW;,男子八人单桨有舵手,银牌
2,德国,JAKSCHIK Malte,赛艇;ROW;,男子八人单桨有舵手,银牌
3,德国,JOHANNESEN Torben,赛艇;ROW;,男子八人单桨有舵手,银牌
4,德国,OCIK Hannes,赛艇;ROW;,男子八人单桨有舵手,银牌
5,德国,ROGGENSACK Olaf,赛艇;ROW;,男子八人单桨有舵手,银牌
6,德国,SAUER Martin,赛艇;ROW;,男子八人单桨有舵手,银牌
7,德国,SCHMIDT Richard,赛艇;ROW;,男子八人单桨有舵手,银牌
8,德国,SCHNEIDER Jakob,赛艇;ROW;,男子八人单桨有舵手,银牌
9,德国,WEISSENFELD Johannes,赛艇;ROW;,男子八人单桨有舵手,银牌
10,罗马尼亚,COZMIUC Marius,赛艇;ROW;,男子双人单桨,银牌
11,罗马尼亚,TUDOSA Ciprian,赛艇;ROW;,男子双人单桨,银牌
12,罗马尼亚,BERARIU Stefan,赛艇;ROW;,男子四人单桨,银牌
13,罗马尼亚,PASCARI Cosmin,赛艇;ROW;,男子四人单桨,银牌
14,罗马尼亚,SEMCIUC Mugurel Vasile,赛艇;ROW;,男子四人单桨,银牌
15,罗马尼亚,TIGANESCU Mihaita,赛艇;ROW;,男子四人单桨,银牌
16,挪威,BORCH Kjetil,赛艇;ROW;,男子单人双桨,银牌
17,荷兰,BROENINK Stef,赛艇;ROW;,男子双人双桨,银牌
18,荷兰,TWELLAAR Melvin,赛艇;ROW;,男子双人双桨,银牌
19,德国,OSBORNE Jason,赛艇;ROW;,男子轻量级双人双桨,银牌
0,德国,ROMMELMANN Jonathan,赛艇;ROW;,男子轻量级双人双桨,银牌
1,英国,BARRAS Tom,赛艇;ROW;,男子四人双桨,银牌
2,英国,BEAUMONT Jack,赛艇;ROW;,男子四人双桨,银牌
3,英国,GROOM Angus,赛艇;ROW;,男子四人双桨,银牌
4,英国,LEASK Harry,赛艇;ROW;,男子四人双桨,银牌
5,新西兰,BEVAN Kelsey,赛艇;ROW;,女子八人单桨有舵手,银牌
6,新西兰,DYKE Emma,赛艇;ROW;,女子八人单桨有舵手,银牌
7,新西兰,GOWLER Jackie,赛艇;ROW;,女子八人单桨有舵手,银牌
8,新西兰,GOWLER Kerri,赛艇;ROW;,女子八人单桨有舵手,银牌
9,新西兰,GREENSLADE Ella,赛艇;ROW;,女子八人单桨有舵手,银牌
10,新西兰,PRENDERGAST Grace,赛艇;ROW;,女子八人单桨有舵手,银牌
11,新西兰,ROSS Beth,赛艇;ROW;,女子八人单桨有舵手,银牌
12,新西兰,SHEPHERD Caleb,赛艇;ROW;,女子八人单桨有舵手,银牌
13,新西兰,SPOORS Lucy,赛艇;ROW;,女子八人单桨有舵手,银牌
14,ROC,ORIABINSKAIA Elena,赛艇;ROW;,女子双人单桨,银牌
15,ROC,STEPANOVA Vasilisa,赛艇;ROW;,女子双人单桨,银牌
16,荷兰,CLEVERING Ymkje,赛艇;ROW;,女子四人单桨,银牌
17,荷兰,FLORIJN Karolien,赛艇;ROW;,女子四人单桨,银牌
18,荷兰,HOGERWERF Ellen,赛艇;ROW;,女子四人单桨,银牌
19,荷兰,MEESTER Veronique,赛艇;ROW;,女子四人单桨,银牌
0,ROC,PRAKATSEN Hanna,赛艇;ROW;,女子单人双桨,银牌
1,新西兰,DONOGHUE Brooke,赛艇;ROW;,女子双人双桨,银牌
2,新西兰,OSBORNE Hannah,赛艇;ROW;,女子双人双桨,银牌
3,法国,BOVE Claire,赛艇;ROW;,女子轻量级双人双桨,银牌
4,法国,TARANTOLA Laura,赛艇;ROW;,女子轻量级双人双桨,银牌
5,波兰,KOBUS-ZAWOJSKA Agnieszka,赛艇;ROW;,女子四人双桨,银牌
6,波兰,SAJDAK Maria,赛艇;ROW;,女子四人双桨,银牌
7,波兰,WIELICZKO Marta,赛艇;ROW;,女子四人双桨,银牌
8,波兰,ZILLMANN Katarzyna,赛艇;ROW;,女子四人双桨,银牌
9,新西兰,BAKER Kurt,七人制橄欖球;RUG;,男子组,银牌
10,新西兰,COLLIER Dylan,七人制橄欖球;RUG;,男子组,银牌
11,新西兰,CURRY Scott,七人制橄欖球;RUG;,男子组,银牌
12,新西兰,KNEWSTUBB Andrew,七人制橄欖球;RUG;,男子组,银牌
13,新西兰,McGARVEY-BLACK Ngarohi,七人制橄欖球;RUG;,男子组,银牌
14,新西兰,MIKKELSON Tim,七人制橄欖球;RUG;,男子组,银牌
15,新西兰,MOLIA Sione,七人制橄欖球;RUG;,男子组,银牌
16,新西兰,NANAI-SETURO Etene,七人制橄欖球;RUG;,男子组,银牌
17,新西兰,NG SHIU Tone,七人制橄欖球;RUG;,男子组,银牌
18,新西兰,NICOLE Amanaki,七人制橄欖球;RUG;,男子组,银牌
19,新西兰,WARBRICK William,七人制橄欖球;RUG;,男子组,银牌
0,新西兰,WARE Regan,七人制橄欖球;RUG;,男子组,银牌
1,新西兰,WEBBER Joe,七人制橄欖球;RUG;,男子组,银牌
2,法国,BERTRAND Coralie,七人制橄欖球;RUG;,女子组,银牌
3,法国,CIOFANI Anne-Cecile,七人制橄欖球;RUG;,女子组,银牌
4,法国,DROUIN Caroline,七人制橄欖球;RUG;,女子组,银牌
5,法国,GRASSINEAU Camille,七人制橄欖球;RUG;,女子组,银牌
6,法国,GUERIN Lina,七人制橄欖球;RUG;,女子组,银牌
7,法国,HORTA Fanny,七人制橄欖球;RUG;,女子组,银牌
8,法国,IZAR Shannon,七人制橄欖球;RUG;,女子组,银牌
9,法国,JACQUET Chloe,七人制橄欖球;RUG;,女子组,银牌
10,法国,NEISEN Carla,七人制橄欖球;RUG;,女子组,银牌
11,法国,OKEMBA Seraphine,七人制橄欖球;RUG;,女子组,银牌
12,法国,PELLE Chloe,七人制橄欖球;RUG;,女子组,银牌
13,法国,ULUTULE Jade,七人制橄欖球;RUG;,女子组,银牌
14,瑞典,BERGSTROM Fredrik,帆船;SAL;,男子双人艇470级,银牌
15,瑞典,DAHLBERG Anton,帆船;SAL;,男子双人艇470级,银牌
16,新西兰,BURLING Peter,帆船;SAL;,男子49人级,银牌
17,新西兰,TUKE Blair,帆船;SAL;,男子49人级,银牌
18,匈牙利,BERECZ Zsombor,帆船;SAL;,男子单人艇芬兰人级,银牌
19,克罗地亚,STIPANOVIC Tonci,帆船;SAL;,男子单人艇激光级.,银牌
0,法国,GOYARD Thomas,帆船;SAL;,男子帆板RS:X级,银牌
1,波兰,OGAR Jolanta,帆船;SAL;,女子双人艇470级,银牌
2,波兰,SKRZYPULEC Agnieszka,帆船;SAL;,女子双人艇470级,银牌
3,德国,BEUCKE Susann,帆船;SAL;,女子49人FX级,银牌
4,德国,LUTZ Tina,帆船;SAL;,女子49人FX级,银牌
5,瑞典,OLSSON Josefin,帆船;SAL;,女子单人艇激光雷迪尔级,银牌
6,法国,PICON Charline,帆船;SAL;,女子帆板RS:X级,银牌
7,英国,BURNET Anna,帆船;SAL;,男女混合多体船诺卡拉17级,银牌
8,英国,GIMSON John,帆船;SAL;,男女混合多体船诺卡拉17级,银牌
9,塞尔维亚,MIKEC Damir,射击;SHO;,男子10米气手枪,银牌
10,中国,SHENG Lihao,射击;SHO;,男子10米气步枪,银牌
11,ROC,KAMENSKIY Sergey,射击;SHO;,男子50米步枪三姿,银牌
12,古巴,PUPO Leuris,射击;SHO;,男子25米手枪速射,银牌
13,丹麦,HANSEN Jesper,射击;SHO;,男子双向飞碟,银牌
14,捷克,KOSTELECKY David,射击;SHO;,男子多向飞碟,银牌
15,保加利亚,KOSTADINOVA Antoaneta,射击;SHO;,女子10米气手枪,银牌
16,ROC,GALASHINA Anastasiia,射击;SHO;,女子10米气步枪,银牌
17,ROC,ZYKOVA Yulia,射击;SHO;,女子50米步枪三姿,银牌
18,意大利,BACOSI Diana,射击;SHO;,女子双向飞碟,银牌
19,韩国,KIM Minjung,射击;SHO;,女子25米手枪,银牌
0,美国,BROWNING Kayle,射击;SHO;,女子多向飞碟,银牌
1,ROC,BATSARASHKINA Vitalina,射击;SHO;,混合团体10米气手枪,银牌
2,ROC,CHERNOUSOV Artem,射击;SHO;,混合团体10米气手枪,银牌
3,美国,KOZENIESKY Lucas,射击;SHO;,混合团体10米气步枪,银牌
4,美国,TUCKER Mary Carolynn,射击;SHO;,混合团体10米气步枪,银牌
5,圣马力诺,BERTI Gian Marco,射击;SHO;,混合团体多向飞碟,银牌
6,圣马力诺,PERILLI Alessandra,射击;SHO;,混合团体多向飞碟,银牌
7,巴西,BARROS Pedro,滑板;SKB;,男子公园赛,银牌
8,巴西,HOEFLER Kelvin,滑板;SKB;,男子街式赛,银牌
9,日本,HIRAKI Kokona,滑板;SKB;,女子公园滑板,银牌
10,巴西,LEAL Rayssa,滑板;SKB;,女子街式赛,银牌
11,美国,COLEMAN Nathaniel,运动攀登;CLB;,男子全能,银牌
12,日本,NONAKA Miho,运动攀登;CLB;,女子全能,银牌
13,日本,IGARASHI Kanoa,冲浪;SRF;,男子组,银牌
14,南非,BUITENDAG Bianca,冲浪;SRF;,女子组,银牌
15,ROC,KOLESNIKOV Kliment,游泳;SWM;,男子100米仰泳,银牌
16,匈牙利,MILAK Kristof,游泳;SWM;,男子100米蝶泳,银牌
17,荷兰,KAMMINGA Arno,游泳;SWM;,男子100米蛙泳,银牌
18,澳大利亚,CHALMERS Kyle,游泳;SWM;,男子100米自由泳,银牌
19,乌克兰,ROMANCHUK Mykhailo,游泳;SWM;,男子1500米自由泳,银牌
0,美国,MURPHY Ryan,游泳;SWM;,男子200米仰泳,银牌
1,日本,HONDA Tomoru,游泳;SWM;,男子200米蝶泳,银牌
2,荷兰,KAMMINGA Arno,游泳;SWM;,男子200米蛙泳,银牌
3,英国,SCOTT Duncan,游泳;SWM;,男子200米自由泳,银牌
4,英国,SCOTT Duncan,游泳;SWM;,男子200米个人混合泳,银牌
5,澳大利亚,McLOUGHLIN Jack,游泳;SWM;,男子400米自由泳,银牌
6,美国,LITHERLAND Jay,游泳;SWM;,男子400米个人混合泳,银牌
7,意大利,CECCON Thomas,游泳;SWM;,男子4x100米自由泳接力,银牌
8,意大利,CONDORELLI Santo,游泳;SWM;,男子4x100米自由泳接力,银牌
9,意大利,FRIGO Manuel,游泳;SWM;,男子4x100米自由泳接力,银牌
10,意大利,MIRESSI Alessandro,游泳;SWM;,男子4x100米自由泳接力,银牌
11,意大利,ZAZZERI Lorenzo,游泳;SWM;,男子4x100米自由泳接力,银牌
12,英国,GREENBANK Luke,游泳;SWM;,男子4x100米混合泳接力,银牌
13,英国,GUY James,游泳;SWM;,男子4x100米混合泳接力,银牌
14,英国,PEATY Adam,游泳;SWM;,男子4x100米混合泳接力,银牌
15,英国,SCOTT Duncan,游泳;SWM;,男子4x100米混合泳接力,银牌
16,英国,WILBY James,游泳;SWM;,男子4x100米混合泳接力,银牌
17,ROC,DOVGALYUK Mikhail,游泳;SWM;,男子4x200米自由泳接力,银牌
18,ROC,GIREV Ivan,游泳;SWM;,男子4x200米自由泳接力,银牌
19,ROC,KRASNYKH Aleksandr,游泳;SWM;,男子4x200米自由泳接力,银牌
0,ROC,MALYUTIN Martin,游泳;SWM;,男子4x200米自由泳接力,银牌
1,ROC,RYLOV Evgeny,游泳;SWM;,男子4x200米自由泳接力,银牌
2,ROC,VEKOVISHCHEV Mikhail,游泳;SWM;,男子4x200米自由泳接力,银牌
3,法国,MANAUDOU Florent,游泳;SWM;,男子50米自由泳,银牌
4,意大利,PALTRINIERI Gregorio,游泳;SWM;,男子800米自由泳,银牌
5,加拿大,MASSE Kylie,游泳;SWM;,女子100米仰泳,银牌
6,中国,ZHANG Yufei,游泳;SWM;,女子100米蝶泳,银牌
7,南非,SCHOENMAKER Tatjana,游泳;SWM;,女子100米蛙泳,银牌
8,中国香港,HAUGHEY Siobhan Bernadette,游泳;SWM;,女子100米自由泳,银牌
9,美国,SULLIVAN Erica,游泳;SWM;,女子1500米自由泳,银牌
10,加拿大,MASSE Kylie,游泳;SWM;,女子200米仰泳,银牌
11,美国,SMITH Regan,游泳;SWM;,女子200米蝶泳,银牌
12,美国,KING Lilly,游泳;SWM;,女子200米蛙泳,银牌
13,中国香港,HAUGHEY Siobhan Bernadette,游泳;SWM;,女子200米自由泳,银牌
14,美国,WALSH Alex,游泳;SWM;,女子200米个人混合泳,银牌
15,美国,LEDECKY Kathleen,游泳;SWM;,女子400米自由泳,银牌
16,美国,WEYANT Emma,游泳;SWM;,女子400米个人混合泳,银牌
17,加拿大,MACNEIL Margaret,游泳;SWM;,女子4x100米自由泳接力,银牌
18,加拿大,OLEKSIAK Penny,游泳;SWM;,女子4x100米自由泳接力,银牌
19,加拿大,RUCK Taylor,游泳;SWM;,女子4x100米自由泳接力,银牌
0,加拿大,SANCHEZ Kayla,游泳;SWM;,女子4x100米自由泳接力,银牌
1,加拿大,SMITH Rebecca,游泳;SWM;,女子4x100米自由泳接力,银牌
2,美国,BROWN Erika,游泳;SWM;,女子4x100米混合泳接力,银牌
3,美国,CURZAN Claire,游泳;SWM;,女子4x100米混合泳接力,银牌
4,美国,HUSKE Torri,游泳;SWM;,女子4x100米混合泳接力,银牌
5,美国,JACOBY Lydia,游泳;SWM;,女子4x100米混合泳接力,银牌
6,美国,KING Lilly,游泳;SWM;,女子4x100米混合泳接力,银牌
7,美国,SMITH Regan,游泳;SWM;,女子4x100米混合泳接力,银牌
8,美国,WEITZEIL Abbey,游泳;SWM;,女子4x100米混合泳接力,银牌
9,美国,WHITE Rhyan Elizabeth,游泳;SWM;,女子4x100米混合泳接力,银牌
10,美国,FORDE Brooke,游泳;SWM;,女子4x200米自由泳接力,银牌
11,美国,LEDECKY Kathleen,游泳;SWM;,女子4x200米自由泳接力,银牌
12,美国,MADDEN Paige,游泳;SWM;,女子4x200米自由泳接力,银牌
13,美国,Mc LAUGHLIN Kathryn,游泳;SWM;,女子4x200米自由泳接力,银牌
14,美国,SCHMITT Allison,游泳;SWM;,女子4x200米自由泳接力,银牌
15,美国,SIMS Arabella,游泳;SWM;,女子4x200米自由泳接力,银牌
16,瑞典,SJOESTROEM Sarah,游泳;SWM;,女子50米自由泳,银牌
17,澳大利亚,TITMUS Ariarne,游泳;SWM;,女子800米自由泳,银牌
18,中国,XU Jiayu,游泳;SWM;,男女混合4x100米混合泳接力,银牌
19,中国,YAN Zibei,游泳;SWM;,男女混合4x100米混合泳接力,银牌
0,中国,YANG Junxuan,游泳;SWM;,男女混合4x100米混合泳接力,银牌
1,中国,ZHANG Yufei,游泳;SWM;,男女混合4x100米混合泳接力,银牌
2,中国,FAN Zhendong,乒乓球;TTE;,男子单打,银牌
3,德国,BOLL Timo,乒乓球;TTE;,男子团体,银牌
4,德国,FRANZISKA Patrick,乒乓球;TTE;,男子团体,银牌
5,德国,OVTCHAROV Dimitrij,乒乓球;TTE;,男子团体,银牌
6,中国,SUN Yingsha,乒乓球;TTE;,女子单打,银牌
7,日本,HIRANO Miu,乒乓球;TTE;,女子团体,银牌
8,日本,ISHIKAWA Kasumi,乒乓球;TTE;,女子团体,银牌
9,日本,ITO Mima,乒乓球;TTE;,女子团体,银牌
10,中国,LIU Shiwen,乒乓球;TTE;,混合双打,银牌
11,中国,XU Xin,乒乓球;TTE;,混合双打,银牌
12,突尼斯,JENDOUBI Mohamed Khalil,跆拳道;TKW;,男子58公斤级,银牌
13,英国,SINDEN Bradly,跆拳道;TKW;,男子68公斤级,银牌
14,约旦,ELSHARABATY Saleh,跆拳道;TKW;,男子80公斤级,银牌
15,北马其顿,GEORGIEVSKI Dejan,跆拳道;TKW;,男子80公斤以上级,银牌
16,西班牙,CEREZO IGLESIAS Adriana,跆拳道;TKW;,女子49公斤级,银牌
17,ROC,MININA Tatiana,跆拳道;TKW;,女子57公斤级,银牌
18,英国,WILLIAMS Lauren,跆拳道;TKW;,女子67公斤级,银牌
19,韩国,LEE Dabin,跆拳道;TKW;,女子67公斤以上级,银牌
0,克罗地亚,CILIC Marin,网球;TEN;,男子双打,银牌
1,克罗地亚,DODIG Ivan,网球;TEN;,男子双打,银牌
2,ROC,KHACHANOV Karen,网球;TEN;,男子单打,银牌
3,瑞士,BENCIC Belinda,网球;TEN;,女子双打,银牌
4,瑞士,GOLUBIC Viktorija,网球;TEN;,女子双打,银牌
5,捷克,VONDROUSOVA Marketa,网球;TEN;,女子单打,银牌
6,ROC,KARATSEV Aslan,网球;TEN;,混合双打,银牌
7,ROC,VESNINA Elena,网球;TEN;,混合双打,银牌
8,中国,DONG Dong,蹦床体操;GTR;,男子组,银牌
9,中国,LIU Lingling,蹦床体操;GTR;,女子组,银牌
10,英国,YEE Alex,铁人三项;TRI;,男子个人,银牌
11,英国,TAYLOR-BROWN Georgia,铁人三项;TRI;,女子个人,银牌
12,美国,KNIBB Taylor,铁人三项;TRI;,混合接力,银牌
13,美国,McDOWELL Kevin,铁人三项;TRI;,混合接力,银牌
14,美国,PEARSON Morgan,铁人三项;TRI;,混合接力,银牌
15,美国,ZAFERES Katie,铁人三项;TRI;,混合接力,银牌
16,ROC,BOGDAN Denis,排球;VVO;,男子组,银牌
17,ROC,GOLUBEV Valentin,排球;VVO;,男子组,银牌
18,ROC,IAKOVLEV Ivan,排球;VVO;,男子组,银牌
19,ROC,KLIUKA Egor,排球;VVO;,男子组,银牌
0,ROC,KOBZAR Igor,排球;VVO;,男子组,银牌
1,ROC,KURKAEV Ilyas,排球;VVO;,男子组,银牌
2,ROC,MIKHAYLOV Maxim,排球;VVO;,男子组,银牌
3,ROC,PANKOV Pavel,排球;VVO;,男子组,银牌
4,ROC,PODLESNYKH Yaroslav,排球;VVO;,男子组,银牌
5,ROC,POLETAEV Victor,排球;VVO;,男子组,银牌
6,ROC,VOLKOV Dmitry,排球;VVO;,男子组,银牌
7,ROC,VOLVICH Artem,排球;VVO;,男子组,银牌
8,巴西,BRAGA GUIMARAES Gabriela,排球;VVO;,女子组,银牌
9,巴西,BRAIT Camila,排球;VVO;,女子组,银牌
10,巴西,CAIXETA Tandara,排球;VVO;,女子组,银牌
11,巴西,CORREA Ana Beatriz,排球;VVO;,女子组,银牌
12,巴西,da SILVA Ana Carolina,排球;VVO;,女子组,银牌
13,巴西,de OLIVEIRA SAAD GATTAZ Caroline,排球;VVO;,女子组,银牌
14,巴西,MENEZES OLIVEIRA de SOUZA Ana Cris.,排球;VVO;,女子组,银牌
15,巴西,MONTIBELLER Rosamaria,排球;VVO;,女子组,银牌
16,巴西,PEREIRA Natalia,排球;VVO;,女子组,银牌
17,巴西,RATZKE Roberta Silva,排球;VVO;,女子组,银牌
18,巴西,RODRIGUES Fernanda,排球;VVO;,女子组,银牌
19,巴西,SILVA CARNEIRO Macris Fernanda,排球;VVO;,女子组,银牌
0,西班牙,BACH Marta,水球;WPO;,女子组,银牌
1,西班牙,ESPAR LLAQUET Anna,水球;WPO;,女子组,银牌
2,西班牙,ESPAR LLAQUET Clara,水球;WPO;,女子组,银牌
3,西班牙,ESTER RAMOS Laura,水球;WPO;,女子组,银牌
4,西班牙,FORCA ARIZA Judith,水球;WPO;,女子组,银牌
5,西班牙,GARCIA GODOY Maica,水球;WPO;,女子组,银牌
6,西班牙,GONZALEZ LOPEZ Irene,水球;WPO;,女子组,银牌
7,西班牙,LEITON ARRONES Paula,水球;WPO;,女子组,银牌
8,西班牙,ORTIZ Bea,水球;WPO;,女子组,银牌
9,西班牙,PENA Pili,水球;WPO;,女子组,银牌
10,西班牙,RUIZ Elena,水球;WPO;,女子组,银牌
11,西班牙,SANCHEZ GONZALEZ Maria Elena,水球;WPO;,女子组,银牌
12,西班牙,TARRAGO AYMERICH Roser,水球;WPO;,女子组,银牌
13,亚美尼亚,MARTIROSYAN Simon,举重;WLF;,男子109公斤级,银牌
14,印度尼西亚,IRAWAN Eko Yuli,举重;WLF;,男子61公斤级,银牌
15,哥伦比亚,MOSQUERA LOZANO Luis Javier,举重;WLF;,男子67公斤级,银牌
16,委内瑞拉,MAYORA PERNIA Julio Ruben,举重;WLF;,男子73公斤级,银牌
17,多米尼加,BONNAT MICHEL Zacarias,举重;WLF;,男子81公斤级,银牌
18,委内瑞拉,VALLENILLA SANCHEZ Keydomar Giovan.,举重;WLF;,男子96公斤级,银牌
19,伊朗,DAVOUDI Ali,举重;WLF;,男子109公斤以上级,银牌
0,印度,MIRABAI Chanu Saikhom,举重;WLF;,女子49公斤级,银牌
1,中国,LIAO Qiuyun,举重;WLF;,女子55公斤级,银牌
2,土库曼斯坦,GURYEVA Polina,举重;WLF;,女子59公斤级,银牌
3,意大利,BORDIGNON Giorgia,举重;WLF;,女子64公斤级,银牌
4,美国,NYE Katherine Elizabeth,举重;WLF;,女子76公斤级,银牌
5,厄瓜多尔,SALAZAR ARCE Tamara Yajaira,举重;WLF;,女子87公斤级,银牌
6,英国,CAMPBELL Emily Jade,举重;WLF;,女子87公斤以上级,银牌
7,格鲁吉亚,PETRIASHVILI Geno,摔跤;WRE;,男子自由式125公斤级,银牌
8,印度,RAVI Kumar,摔跤;WRE;,男子自由式57公斤级,银牌
9,阿塞拜疆,ALIYEV Haji,摔跤;WRE;,男子自由式65公斤级,银牌
10,白俄罗斯,KADZIMAHAMEDAU Mahamedkhabib,摔跤;WRE;,男子自由式74公斤级,银牌
11,伊朗,YAZDANICHARATI Hassan,摔跤;WRE;,男子自由式86公斤级,银牌
12,美国,SNYDER Kyle Frederick,摔跤;WRE;,男子自由式97公斤级,银牌
13,格鲁吉亚,KAJAIA Iakobi,摔跤;WRE;,男子古典式130公斤级,银牌
14,日本,FUMITA Kenichiro,摔跤;WRE;,男子古典式60公斤级,银牌
15,乌克兰,NASIBOV Parviz,摔跤;WRE;,男子古典式67公斤级,银牌
16,吉尔吉斯斯坦,MAKHMUDOV Akzhol,摔跤;WRE;,男子古典式77公斤级,银牌
17,匈牙利,LORINCZ Viktor,摔跤;WRE;,男子古典式87公斤级,银牌
18,亚美尼亚,ALEKSANYAN Artur,摔跤;WRE;,男子古典式97公斤级,银牌
19,中国,SUN Yanan,摔跤;WRE;,女子自由式50公斤级,银牌
0,中国,PANG Qianyu,摔跤;WRE;,女子自由式53公斤级,银牌
1,白俄罗斯,KURACHKINA Iryna,摔跤;WRE;,女子自由式57公斤级,银牌
2,吉尔吉斯斯坦,TYNYBEKOVA Aisuluu,摔跤;WRE;,女子自由式62公斤级,银牌
3,尼日利亚,OBORUDUDU Blessing,摔跤;WRE;,女子自由式68公斤级,银牌
4,美国,GRAY Adeline Maria,摔跤;WRE;,女子自由式76公斤级,银牌
5,塞尔维亚,DOMOVIC BULUT Dusan,三对三篮球;BK3;,男子组,铜牌
6,塞尔维亚,MAJSTOROVIC Dejan,三对三篮球;BK3;,男子组,铜牌
7,塞尔维亚,RATKOV Aleksandar,三对三篮球;BK3;,男子组,铜牌
8,塞尔维亚,VASIC Mihailo,三对三篮球;BK3;,男子组,铜牌
9,中国,WAN Jiyuan,三对三篮球;BK3;,女子组,铜牌
10,中国,WANG Lili,三对三篮球;BK3;,女子组,铜牌
11,中国,YANG Shuyu,三对三篮球;BK3;,女子组,铜牌
12,中国,ZHANG Zhiting,三对三篮球;BK3;,女子组,铜牌
13,日本,FURUKAWA Takaharu,射箭;ARC;,男子个人,铜牌
14,日本,FURUKAWA Takaharu,射箭;ARC;,男子团体,铜牌
15,日本,KAWATA Yuki,射箭;ARC;,男子团体,铜牌
16,日本,MUTO Hiroki,射箭;ARC;,男子团体,铜牌
17,意大利,BOARI Lucilla,射箭;ARC;,女子个人,铜牌
18,德国,KROPPEN Michelle,射箭;ARC;,女子团体,铜牌
19,德国,SCHWARZ Charline,射箭;ARC;,女子团体,铜牌
0,德国,UNRUH Lisa,射箭;ARC;,女子团体,铜牌
1,墨西哥,ALVAREZ Luis,射箭;ARC;,混合团体,铜牌
2,墨西哥,VALENCIA Alejandra,射箭;ARC;,混合团体,铜牌
3,ROC,NAGORNYY Nikita,竞技体操;GAR;,男子全能,铜牌
4,中国,XIAO Ruoteng,竞技体操;GAR;,男子自由体操,铜牌
5,ROC,NAGORNYY Nikita,竞技体操;GAR;,男子单杠,铜牌
6,土耳其,ARICAN Ferhat,竞技体操;GAR;,男子双杠,铜牌
7,日本,KAYA Kazuma,竞技体操;GAR;,男子鞍马,铜牌
8,希腊,PETROUNIAS Eleftherios,竞技体操;GAR;,男子吊环,铜牌
9,亚美尼亚,DAVTYAN Artur,竞技体操;GAR;,男子跳马,铜牌
10,中国,LIN Chaopan,竞技体操;GAR;,男子团体,铜牌
11,中国,SUN Wei,竞技体操;GAR;,男子团体,铜牌
12,中国,XIAO Ruoteng,竞技体操;GAR;,男子团体,铜牌
13,中国,ZOU Jingyuan,竞技体操;GAR;,男子团体,铜牌
14,ROC,MELNIKOVA Angelina,竞技体操;GAR;,女子全能,铜牌
15,美国,BILES Simone,竞技体操;GAR;,女子平衡木,铜牌
16,ROC,MELNIKOVA Angelina,竞技体操;GAR;,女子自由体操,铜牌
17,日本,MURAKAMI Mai,竞技体操;GAR;,女子自由体操,铜牌
18,美国,LEE Sunisa,竞技体操;GAR;,女子高低杠,铜牌
19,韩国,YEO Seojeong,竞技体操;GAR;,女子跳马,铜牌
0,英国,GADIROVA Jennifer,竞技体操;GAR;,女子团体,铜牌
1,英国,GADIROVA Jessica,竞技体操;GAR;,女子团体,铜牌
2,英国,KINSELLA Alice,竞技体操;GAR;,女子团体,铜牌
3,英国,MORGAN Amelie,竞技体操;GAR;,女子团体,铜牌
4,乌克兰,FIEDINA Marta,花样游泳;SWA;,双人,铜牌
5,乌克兰,SAVCHUK Anastasiya,花样游泳;SWA;,双人,铜牌
6,乌克兰,ALEKSIIVA Maryna,花样游泳;SWA;,团体,铜牌
7,乌克兰,ALEKSIIVA Vladyslava,花样游泳;SWA;,团体,铜牌
8,乌克兰,FIEDINA Marta,花样游泳;SWA;,团体,铜牌
9,乌克兰,REZNIK Kateryna,花样游泳;SWA;,团体,铜牌
10,乌克兰,SAVCHUK Anastasiya,花样游泳;SWA;,团体,铜牌
11,乌克兰,SHYNKARENKO Alina,花样游泳;SWA;,团体,铜牌
12,乌克兰,SYDORENKO Kseniya,花样游泳;SWA;,团体,铜牌
13,乌克兰,YAKHNO Yelyzaveta,花样游泳;SWA;,团体,铜牌
14,乌干达,KIPLIMO Jacob,田径;ATH;,男子10000米,铜牌
15,加拿大,de GRASSE Andre,田径;ATH;,男子100米,铜牌
16,牙买加,LEVY Ronald,田径;ATH;,男子110米跨栏,铜牌
17,英国,KERR Josh,田径;ATH;,男子1500米,铜牌
18,美国,LYLES Noah,田径;ATH;,男子200米,铜牌
19,日本,YAMANISHI Toshikazu,田径;ATH;,男子20公里竞走,铜牌
0,肯尼亚,KIGEN Benjamin,田径;ATH;,男子3000米障碍赛,铜牌
1,格林纳达,JAMES Kirani,田径;ATH;,男子400米,铜牌
2,巴西,dos SANTOS Alison,田径;ATH;,男子400米跨栏,铜牌
3,加拿大,BLAKE Jerome,田径;ATH;,男子 4 x 100米接力,铜牌
4,加拿大,BROWN Aaron,田径;ATH;,男子 4 x 100米接力,铜牌
5,加拿大,de GRASSE Andre,田径;ATH;,男子 4 x 100米接力,铜牌
6,加拿大,RODNEY Brendon,田径;ATH;,男子 4 x 100米接力,铜牌
7,博茨瓦纳,MAKWALA Isaac,田径;ATH;,男子 4 x 400米接力,铜牌
8,博茨瓦纳,NDORI Bayapo,田径;ATH;,男子 4 x 400米接力,铜牌
9,博茨瓦纳,NGOZI Zibane,田径;ATH;,男子 4 x 400米接力,铜牌
10,博茨瓦纳,THEBE Baboloki,田径;ATH;,男子 4 x 400米接力,铜牌
11,美国,CHELIMO Paul,田径;ATH;,男子5000米,铜牌
12,加拿大,DUNFEE Evan,田径;ATH;,男子50公里竞走,铜牌
13,波兰,DOBEK Patryk,田径;ATH;,男子800米,铜牌
14,澳大利亚,MOLONEY Ashley,田径;ATH;,男子十项全能,铜牌
15,奥地利,WEISSHAIDINGER Lukas,田径;ATH;,男子铁饼,铜牌
16,波兰,FAJDEK Pawel,田径;ATH;,男子链球,铜牌
17,白俄罗斯,NEDASEKAU Maksim,田径;ATH;,男子跳高,铜牌
18,捷克,VESELY Vitezslav,田径;ATH;,男子标枪,铜牌
19,古巴,MASSO Maykel,田径;ATH;,男子跳远,铜牌
0,比利时,ABDI Bashir,田径;ATH;,男子马拉松,铜牌
1,巴西,BRAZ Thiago,田径;ATH;,男子撑竿跳高,铜牌
2,新西兰,WALSH Tomas,田径;ATH;,男子铅球,铜牌
3,布基纳法索,ZANGO Hugues Fabrice,田径;ATH;,男子三级跳远,铜牌
4,埃塞俄比亚,GIDEY Letesenbet,田径;ATH;,女子10000米,铜牌
5,牙买加,JACKSON Shericka,田径;ATH;,女子100米,铜牌
6,牙买加,TAPPER Megan,田径;ATH;,女子100米跨栏,铜牌
7,荷兰,HASSAN Sifan,田径;ATH;,女子1500米,铜牌
8,美国,THOMAS Gabrielle,田径;ATH;,女子200米,铜牌
9,中国,LIU Hong,田径;ATH;,女子20公里竞走,铜牌
10,肯尼亚,KIYENG Hyvin,田径;ATH;,女子3000米障碍赛,铜牌
11,美国,FELIX Allyson,田径;ATH;,女子400米,铜牌
12,荷兰,BOL Femke,田径;ATH;,女子400米跨栏,铜牌
13,英国,ASHER-SMITH Dina,田径;ATH;,女子 4 x 100米接力,铜牌
14,英国,LANSIQUOT Imani,田径;ATH;,女子 4 x 100米接力,铜牌
15,英国,NEITA Daryll,田径;ATH;,女子 4 x 100米接力,铜牌
16,英国,PHILIP Asha,田径;ATH;,女子 4 x 100米接力,铜牌
17,牙买加,BROMFIELD Junelle,田径;ATH;,女子 4 x 400米接力,铜牌
18,牙买加,JACKSON Shericka,田径;ATH;,女子 4 x 400米接力,铜牌
19,牙买加,McGREGOR Roneisha,田径;ATH;,女子 4 x 400米接力,铜牌
0,牙买加,McLEOD Candice,田径;ATH;,女子 4 x 400米接力,铜牌
1,牙买加,RUSSELL Janieve,田径;ATH;,女子 4 x 400米接力,铜牌
2,牙买加,WILLIAMS Stacey Ann,田径;ATH;,女子 4 x 400米接力,铜牌
3,埃塞俄比亚,TSEGAY Gudaf,田径;ATH;,女子5000米,铜牌
4,美国,ROGERS Raevyn,田径;ATH;,女子800米,铜牌
5,古巴,PEREZ Yaime,田径;ATH;,女子铁饼,铜牌
6,波兰,KOPRON Malwina,田径;ATH;,女子链球,铜牌
7,荷兰,OOSTERWEGEL Emma,田径;ATH;,女子七项全能,铜牌
8,乌克兰,MAHUCHIKH Yaroslava,田径;ATH;,女子跳高,铜牌
9,澳大利亚,BARBER Kelsey-Lee,田径;ATH;,女子标枪,铜牌
10,尼日利亚,BRUME Ese,田径;ATH;,女子跳远,铜牌
11,美国,SEIDEL Molly,田径;ATH;,女子马拉松,铜牌
12,英国,BRADSHAW Holly,田径;ATH;,女子撑竿跳高,铜牌
13,新西兰,ADAMS Valerie,田径;ATH;,女子铅球,铜牌
14,西班牙,PELETEIRO Ana,田径;ATH;,女子三级跳远,铜牌
15,美国,DEADMON Bryce,田径;ATH;,混合4 x 400米接力,铜牌
16,美国,ELLIS Kendall,田径;ATH;,混合4 x 400米接力,铜牌
17,美国,GODWIN Elija,田径;ATH;,混合4 x 400米接力,铜牌
18,美国,IRBY Lynna,田径;ATH;,混合4 x 400米接力,铜牌
19,美国,MANSON Taylor,田径;ATH;,混合4 x 400米接力,铜牌
0,美国,NORWOOD Vernon,田径;ATH;,混合4 x 400米接力,铜牌
1,美国,STEWART Trevor,田径;ATH;,混合4 x 400米接力,铜牌
2,美国,WHITNEY Kaylin,田径;ATH;,混合4 x 400米接力,铜牌
3,马来西亚,CHIA Aaron,羽毛球;BDM;,男子双打,铜牌
4,马来西亚,SOH Wooi Yik,羽毛球;BDM;,男子双打,铜牌
5,印度尼西亚,GINTING Anthony Sinisuka,羽毛球;BDM;,男子单打,铜牌
6,韩国,KIM Soyeong,羽毛球;BDM;,女子双打,铜牌
7,韩国,KONG Heeyong,羽毛球;BDM;,女子双打,铜牌
8,印度,PUSARLA V. Sindhu,羽毛球;BDM;,女子单打,铜牌
9,日本,HIGASHINO Arisa,羽毛球;BDM;,混合双打,铜牌
10,日本,WATANABE Yuta,羽毛球;BDM;,混合双打,铜牌
11,多米尼加,ALVAREZ Dario,棒球/垒球;BSB;,棒球,铜牌
12,多米尼加,ARIAS Gabriel,棒球/垒球;BSB;,棒球,铜牌
13,多米尼加,ASENCIO Jairo,棒球/垒球;BSB;,棒球,铜牌
14,多米尼加,BALDWIN Roldani,棒球/垒球;BSB;,棒球,铜牌
15,多米尼加,BAUTISTA Jose,棒球/垒球;BSB;,棒球,铜牌
16,多米尼加,BONIFACIO Emilio,棒球/垒球;BSB;,棒球,铜牌
17,多米尼加,CABRERA Melky,棒球/垒球;BSB;,棒球,铜牌
18,多米尼加,CASTILLO Luis,棒球/垒球;BSB;,棒球,铜牌
19,多米尼加,DIAZ Jose,棒球/垒球;BSB;,棒球,铜牌
0,多米尼加,FRANCISCO Juan,棒球/垒球;BSB;,棒球,铜牌
1,多米尼加,GARCIA Junior,棒球/垒球;BSB;,棒球,铜牌
2,多米尼加,GUZMAN Jeison,棒球/垒球;BSB;,棒球,铜牌
3,多米尼加,MARINEZ Jhan,棒球/垒球;BSB;,棒球,铜牌
4,多米尼加,MEJIA Erick,棒球/垒球;BSB;,棒球,铜牌
5,多米尼加,MERCEDES Cristopher,棒球/垒球;BSB;,棒球,铜牌
6,多米尼加,MIESES Johan,棒球/垒球;BSB;,棒球,铜牌
7,多米尼加,NUNEZ Gustavo,棒球/垒球;BSB;,棒球,铜牌
8,多米尼加,PEREZ Yefri,棒球/垒球;BSB;,棒球,铜牌
9,多米尼加,REYES Denyi,棒球/垒球;BSB;,棒球,铜牌
10,多米尼加,RODRIGUEZ Julio,棒球/垒球;BSB;,棒球,铜牌
11,多米尼加,ROSSO Ramon,棒球/垒球;BSB;,棒球,铜牌
12,多米尼加,SANCHEZ Angel,棒球/垒球;BSB;,棒球,铜牌
13,多米尼加,VALDES Raul,棒球/垒球;BSB;,棒球,铜牌
14,多米尼加,VALERIO Charlie,棒球/垒球;BSB;,棒球,铜牌
15,加拿大,CAIRA Jenna,棒球/垒球;BSB;,垒球,铜牌
16,加拿大,ENTZMINGER Emma,棒球/垒球;BSB;,垒球,铜牌
17,加拿大,FRANKLIN Larissa,棒球/垒球;BSB;,垒球,铜牌
18,加拿大,GILBERT Jen,棒球/垒球;BSB;,垒球,铜牌
19,加拿大,GROENEWEGEN Sara,棒球/垒球;BSB;,垒球,铜牌
0,加拿大,HARSHMAN Kelsey,棒球/垒球;BSB;,垒球,铜牌
1,加拿大,HAYWARD Victoria,棒球/垒球;BSB;,垒球,铜牌
2,加拿大,LAWRIE Danielle,棒球/垒球;BSB;,垒球,铜牌
3,加拿大,LEUNG Janet,棒球/垒球;BSB;,垒球,铜牌
4,加拿大,LYE Joey,棒球/垒球;BSB;,垒球,铜牌
5,加拿大,POLIDORI Erika,棒球/垒球;BSB;,垒球,铜牌
6,加拿大,RAFTER Kaleigh,棒球/垒球;BSB;,垒球,铜牌
7,加拿大,REGULA Lauren,棒球/垒球;BSB;,垒球,铜牌
8,加拿大,SALLING Jenn,棒球/垒球;BSB;,垒球,铜牌
9,加拿大,WIDEMAN Natalie,棒球/垒球;BSB;,垒球,铜牌
10,澳大利亚,BAYNES Aron,篮球;BKB;,男子组,铜牌
11,澳大利亚,DELLAVEDOVA Matthew,篮球;BKB;,男子组,铜牌
12,澳大利亚,EXUM Dante,篮球;BKB;,男子组,铜牌
13,澳大利亚,GOULDING Chris,篮球;BKB;,男子组,铜牌
14,澳大利亚,GREEN Josh,篮球;BKB;,男子组,铜牌
15,澳大利亚,INGLES Joe,篮球;BKB;,男子组,铜牌
16,澳大利亚,KAY Nic,篮球;BKB;,男子组,铜牌
17,澳大利亚,LANDALE Jock,篮球;BKB;,男子组,铜牌
18,澳大利亚,MILLS Patty,篮球;BKB;,男子组,铜牌
19,澳大利亚,REATH Duop Thomas,篮球;BKB;,男子组,铜牌
0,澳大利亚,SOBEY Nathan,篮球;BKB;,男子组,铜牌
1,澳大利亚,THYBULLE Matisse,篮球;BKB;,男子组,铜牌
2,法国,CHARTEREAU Alexia,篮球;BKB;,女子组,铜牌
3,法国,CIAK Helena,篮球;BKB;,女子组,铜牌
4,法国,DUCHET Alix,篮球;BKB;,女子组,铜牌
5,法国,FAUTHOUX Marine,篮球;BKB;,女子组,铜牌
6,法国,GRUDA Sandrine,篮球;BKB;,女子组,铜牌
7,法国,JOHANNES Marine,篮球;BKB;,女子组,铜牌
8,法国,MICHEL Sarah,篮球;BKB;,女子组,铜牌
9,法国,MIYEM Endene,篮球;BKB;,女子组,铜牌
10,法国,RUPERT Iliana,篮球;BKB;,女子组,铜牌
11,法国,TCHATCHOUANG Diandra,篮球;BKB;,女子组,铜牌
12,法国,VUKOSAVLJEVIC Valeriane,篮球;BKB;,女子组,铜牌
13,法国,WILLIAMS Gabby,篮球;BKB;,女子组,铜牌
14,卡塔尔,TIJAN Ahmed,沙滩排球;VBV;,男子组,铜牌
15,卡塔尔,YOUNOUSSE Cherif,沙滩排球;VBV;,男子组,铜牌
16,瑞士,HEIDRICH Joana,沙滩排球;VBV;,女子组,铜牌
17,瑞士,VERGE-DEPRE Anouk,沙滩排球;VBV;,女子组,铜牌
18,哈萨克斯坦,BIBOSSINOV Saken,拳击;BOX;,男子蝇量级(48-52公斤),铜牌
19,日本,TANAKA Ryomei,拳击;BOX;,男子蝇量级(48-52公斤),铜牌
0,加纳,TAKYI Samuel,拳击;BOX;,男子羽量级(52-57公斤),铜牌
1,古巴,ALVAREZ Lazaro,拳击;BOX;,男子羽量级(52-57公斤),铜牌
2,亚美尼亚,BACHKOV Hovhannes,拳击;BOX;,男子轻量级(57-63公斤),铜牌
3,澳大利亚,GARSIDE Harry,拳击;BOX;,男子轻量级(57-63公斤),铜牌
4,ROC,ZAMKOVOI Andrei,拳击;BOX;,男子沉量级(63-69公斤),铜牌
5,爱尔兰,WALSH Aidan,拳击;BOX;,男子沉量级(63-69公斤),铜牌
6,ROC,BAKSHI Gleb,拳击;BOX;,男子中量级(69-75公斤),铜牌
7,菲律宾,MARCIAL Eumir,拳击;BOX;,男子中量级(69-75公斤),铜牌
8,ROC,KHATAEV Imam,拳击;BOX;,男子轻重量级(75-81公斤),铜牌
9,阿塞拜疆,ALFONSO DOMINGUEZ Loren Berto,拳击;BOX;,男子轻重量级(75-81公斤),铜牌
10,巴西,TEIXEIRA Abner,拳击;BOX;,男子重量级(81-91公斤),铜牌
11,新西兰,NYIKA David,拳击;BOX;,男子重量级(81-91公斤),铜牌
12,哈萨克斯坦,KUNKABAYEV Kamshybek,拳击;BOX;,男子超重量级(91公斤以上),铜牌
13,英国,CLARKE Frazer,拳击;BOX;,男子超重量级(91公斤以上),铜牌
14,中华台北,HUANG Hsiao-Wen,拳击;BOX;,女子蝇量级(48-51公斤),铜牌
15,日本,NAMIKI Tsukimi,拳击;BOX;,女子蝇量级(48-51公斤),铜牌
16,意大利,TESTA Irma,拳击;BOX;,女子羽量级(54-57公斤),铜牌
17,英国,ARTINGSTALL Karriss,拳击;BOX;,女子羽量级(54-57公斤),铜牌
18,泰国,SEESONDEE Sudaporn,拳击;BOX;,女子轻量级(57-60公斤),铜牌
19,芬兰,POTKONEN Mira Marjut Johanna,拳击;BOX;,女子轻量级(57-60公斤),铜牌
0,印度,BORGOHAIN Lovlina,拳击;BOX;,女子沉量级(64-69公斤),铜牌
1,美国,JONES Oshae,拳击;BOX;,女子沉量级(64-69公斤),铜牌
2,ROC,MAGOMEDALIEVA Zenfira,拳击;BOX;,女子中量级(69-75公斤),铜牌
3,荷兰,FONTIJN Nouchka,拳击;BOX;,女子中量级(69-75公斤),铜牌
4,德国,TASIADIS Sideris,激流皮划艇;CSL;,男子划艇,铜牌
5,德国,AIGNER Hannes,激流皮划艇;CSL;,男子皮艇,铜牌
6,德国,HERZOG Andrea,激流皮划艇;CSL;,女子划艇,铜牌
7,澳大利亚,FOX Jessica,激流皮划艇;CSL;,女子皮艇,铜牌
8,摩尔多瓦,TARNOVSCHI Serghei,静水皮划艇;CSP;,男子1000米单人划艇,铜牌
9,德国,BRENDEL Sebastian,静水皮划艇;CSP;,男子1000米双人划艇,铜牌
10,德国,HECKER Tim,静水皮划艇;CSP;,男子1000米双人划艇,铜牌
11,葡萄牙,PIMENTA Fernando,静水皮划艇;CSP;,男子1000米单人皮艇,铜牌
12,英国,HEATH Liam,静水皮划艇;CSP;,男子200米单人皮艇,铜牌
13,捷克,DOSTAL Josef,静水皮划艇;CSP;,男子1000米双人皮艇,铜牌
14,捷克,SLOUF Radek,静水皮划艇;CSP;,男子1000米双人皮艇,铜牌
15,斯洛伐克,BALAZ Samuel,静水皮划艇;CSP;,男子500米四人皮艇,铜牌
16,斯洛伐克,BOTEK Adam,静水皮划艇;CSP;,男子500米四人皮艇,铜牌
17,斯洛伐克,MYSAK Denis,静水皮划艇;CSP;,男子500米四人皮艇,铜牌
18,斯洛伐克,VLCEK Erik,静水皮划艇;CSP;,男子500米四人皮艇,铜牌
19,乌克兰,LUZAN Liudmyla,静水皮划艇;CSP;,女子200米单人划艇,铜牌
0,加拿大,VINCENT Katie,静水皮划艇;CSP;,女子500米双人划艇,铜牌
1,加拿大,VINCENT-LAPOINTE Laurence,静水皮划艇;CSP;,女子500米双人划艇,铜牌
2,丹麦,JORGENSEN Emma Aastrand,静水皮划艇;CSP;,女子200米单人皮艇,铜牌
3,丹麦,JORGENSEN Emma Aastrand,静水皮划艇;CSP;,女子500米单人皮艇,铜牌
4,匈牙利,BODONYI Dora,静水皮划艇;CSP;,女子500米双人皮艇,铜牌
5,匈牙利,KOZAK Danuta,静水皮划艇;CSP;,女子500米双人皮艇,铜牌
6,波兰,ISKRZYCKA Justyna,静水皮划艇;CSP;,女子500米四人皮艇,铜牌
7,波兰,NAJA Karolina,静水皮划艇;CSP;,女子500米四人皮艇,铜牌
8,波兰,PULAWSKA Anna,静水皮划艇;CSP;,女子500米四人皮艇,铜牌
9,波兰,WISNIEWSKA Helena,静水皮划艇;CSP;,女子500米四人皮艇,铜牌
10,英国,BROOKS Declan,自由式小轮车;BMF;,男子公园赛,铜牌
11,瑞士,DUCARROZ Nikita,自由式小轮车;BMF;,女子公园赛,铜牌
12,哥伦比亚,RAMIREZ YEPES Carlos Alberto,竞速小轮车;BMX;,男子组,铜牌
13,荷兰,SMULDERS Merel,竞速小轮车;BMX;,女子组,铜牌
14,西班牙,VALERO SERRANO David,山地自行车;MTB;,男子越野赛,铜牌
15,瑞士,INDERGAND Linda,山地自行车;MTB;,女子越野赛,铜牌
16,斯洛文尼亚,POGACAR Tadej,公路自行车;CRD;,男子公路赛,铜牌
17,澳大利亚,DENNIS Rohan,公路自行车;CRD;,男子个人计时赛,铜牌
18,意大利,LONGO BORGHINI Elisa,公路自行车;CRD;,女子公路赛,铜牌
19,荷兰,van der BREGGEN Anna,公路自行车;CRD;,女子个人计时赛,铜牌
0,荷兰,LAVREYSEN Harrie,场地自行车;CTR;,男子凯林赛,铜牌
1,法国,GRONDIN Donavan,场地自行车;CTR;,男子麦迪逊赛,铜牌
2,法国,THOMAS Benjamin,场地自行车;CTR;,男子麦迪逊赛,铜牌
3,意大利,VIVIANI Elia,场地自行车;CTR;,男子全能赛,铜牌
4,澳大利亚,HOWARD Leigh,场地自行车;CTR;,男子团体追逐赛,铜牌
5,澳大利亚,O'BRIEN Kelland,场地自行车;CTR;,男子团体追逐赛,铜牌
6,澳大利亚,PLAPP Lucas,场地自行车;CTR;,男子团体追逐赛,铜牌
7,澳大利亚,PORTER Alexander,场地自行车;CTR;,男子团体追逐赛,铜牌
8,澳大利亚,WELSFORD Sam,场地自行车;CTR;,男子团体追逐赛,铜牌
9,英国,CARLIN Jack,场地自行车;CTR;,男子争先赛,铜牌
10,法国,GRENGBO Florian,场地自行车;CTR;,男子团体争先赛,铜牌
11,法国,HELAL Rayan,场地自行车;CTR;,男子团体争先赛,铜牌
12,法国,VIGIER Sebastien,场地自行车;CTR;,男子团体争先赛,铜牌
13,加拿大,GENEST Lauriane,场地自行车;CTR;,女子凯林赛,铜牌
14,ROC,KHATUNTSEVA Gulnaz,场地自行车;CTR;,女子麦迪逊赛,铜牌
15,ROC,NOVOLODSKAIA Mariia,场地自行车;CTR;,女子麦迪逊赛,铜牌
16,荷兰,WILD Kirsten,场地自行车;CTR;,女子全能赛,铜牌
17,美国,DYGERT Chloe,场地自行车;CTR;,女子团体追逐赛,铜牌
18,美国,JASTRAB Megan,场地自行车;CTR;,女子团体追逐赛,铜牌
19,美国,VALENTE Jennifer,场地自行车;CTR;,女子团体追逐赛,铜牌
0,美国,WHITE Emma,场地自行车;CTR;,女子团体追逐赛,铜牌
1,美国,WILLIAMS Lily,场地自行车;CTR;,女子团体追逐赛,铜牌
2,中国香港,LEE Wai Sze,场地自行车;CTR;,女子争先赛,铜牌
3,ROC,SHMELEVA Daria,场地自行车;CTR;,女子团体争先赛,铜牌
4,ROC,VOINOVA Anastasiia,场地自行车;CTR;,女子团体争先赛,铜牌
5,英国,DALEY Thomas,跳水;DIV;,男子10米跳台跳水,铜牌
6,ROC,BONDAR Aleksandr,跳水;DIV;,男子双人10米跳台跳水,铜牌
7,ROC,MINIBAEV Viktor,跳水;DIV;,男子双人10米跳台跳水,铜牌
8,英国,LAUGHER Jack,跳水;DIV;,男子3米跳板跳水,铜牌
9,德国,HAUSDING Patrick,跳水;DIV;,男子双人3米跳板跳水,铜牌
10,德国,RUDIGER Lars,跳水;DIV;,男子双人3米跳板跳水,铜牌
11,澳大利亚,WU Melissa,跳水;DIV;,女子10米跳台跳水,铜牌
12,墨西哥,AGUNDEZ GARCIA Gabriela,跳水;DIV;,女子双人10米跳台跳水,铜牌
13,墨西哥,OROZCO LOZA Alejandra,跳水;DIV;,女子双人10米跳台跳水,铜牌
14,美国,PALMER Krysta,跳水;DIV;,女子3米跳板跳水,铜牌
15,德国,HENTSCHEL Lena,跳水;DIV;,女子双人3米跳板跳水,铜牌
16,德国,PUNZEL Tina,跳水;DIV;,女子双人3米跳板跳水,铜牌
17,英国,DUJARDIN Charlotte,马术;EQU;,盛装舞步个人赛,铜牌
18,英国,DUJARDIN Charlotte,马术;EQU;,盛装舞步团体赛,铜牌
19,英国,FRY Charlotte,马术;EQU;,盛装舞步团体赛,铜牌
0,英国,HESTER Carl,马术;EQU;,盛装舞步团体赛,铜牌
1,澳大利亚,HOY Andrew,马术;EQU;,三项赛个人赛,铜牌
2,法国,LAGHOUAG Karim Florent,马术;EQU;,三项赛团体赛,铜牌
3,法国,SIX Christopher,马术;EQU;,三项赛团体赛,铜牌
4,法国,TOUZAINT Nicolas,马术;EQU;,三项赛团体赛,铜牌
5,荷兰,van der VLEUTEN Maikel,马术;EQU;,场地障碍个人赛,铜牌
6,比利时,DEVOS Pieter,马术;EQU;,场地障碍团体赛,铜牌
7,比利时,GUERY Jerome,马术;EQU;,场地障碍团体赛,铜牌
8,比利时,WATHELET Gregory,马术;EQU;,场地障碍团体赛,铜牌
9,乌克兰,REIZLIN Igor,击剑;FEN;,男子个人重剑,铜牌
10,捷克,CHOUPENITCH Alexander,击剑;FEN;,男子个人花剑,铜牌
11,韩国,KIM Junghwan,击剑;FEN;,男子个人佩剑,铜牌
12,韩国,KWEON Youngjun,击剑;FEN;,男子团体重剑,铜牌
13,韩国,MA Segeon,击剑;FEN;,男子团体重剑,铜牌
14,韩国,PARK Sangyoung,击剑;FEN;,男子团体重剑,铜牌
15,韩国,SONG Jaeho,击剑;FEN;,男子团体重剑,铜牌
16,美国,IMBODEN Race,击剑;FEN;,男子团体花剑,铜牌
17,美国,ITKIN Nick,击剑;FEN;,男子团体花剑,铜牌
18,美国,MASSIALAS Alexander,击剑;FEN;,男子团体花剑,铜牌
19,美国,MEINHARDT Gerek,击剑;FEN;,男子团体花剑,铜牌
0,匈牙利,DECSI Tamas,击剑;FEN;,男子团体佩剑,铜牌
1,匈牙利,GEMESI Csanad,击剑;FEN;,男子团体佩剑,铜牌
2,匈牙利,SZATMARI Andras,击剑;FEN;,男子团体佩剑,铜牌
3,匈牙利,SZILAGYI Aron,击剑;FEN;,男子团体佩剑,铜牌
4,爱沙尼亚,LEHIS Katrina,击剑;FEN;,女子个人重剑,铜牌
5,ROC,KOROBEYNIKOVA Larisa,击剑;FEN;,女子个人花剑,铜牌
6,法国,BRUNET Manon,击剑;FEN;,女子个人佩剑,铜牌
7,意大利,FIAMINGO Rossella,击剑;FEN;,女子团体重剑,铜牌
8,意大利,ISOLA Federica,击剑;FEN;,女子团体重剑,铜牌
9,意大利,NAVARRIA Mara,击剑;FEN;,女子团体重剑,铜牌
10,意大利,SANTUCCIO Alberta,击剑;FEN;,女子团体重剑,铜牌
11,意大利,BATINI Martina,击剑;FEN;,女子团体花剑,铜牌
12,意大利,CIPRESSA Erica,击剑;FEN;,女子团体花剑,铜牌
13,意大利,ERRIGO Arianna,击剑;FEN;,女子团体花剑,铜牌
14,意大利,VOLPI Alice,击剑;FEN;,女子团体花剑,铜牌
15,韩国,CHOI Sooyeon,击剑;FEN;,女子团体佩剑,铜牌
16,韩国,KIM Jiyeon,击剑;FEN;,女子团体佩剑,铜牌
17,韩国,SEO Jiyeon,击剑;FEN;,女子团体佩剑,铜牌
18,韩国,YOON Jisu,击剑;FEN;,女子团体佩剑,铜牌
19,墨西哥,AGUIRRE Eduardo,足球;FBL;,男子组,铜牌
0,墨西哥,AGUIRRE Erick,足球;FBL;,男子组,铜牌
1,墨西哥,ALVARADO Roberto,足球;FBL;,男子组,铜牌
2,墨西哥,ANGULO Jesus,足球;FBL;,男子组,铜牌
3,墨西哥,ANGULO Ricardo,足球;FBL;,男子组,铜牌
4,墨西哥,ANTUNA Uriel,足球;FBL;,男子组,铜牌
5,墨西哥,BELTRAN Fernando,足球;FBL;,男子组,铜牌
6,墨西哥,CORDOVA Sebastian,足球;FBL;,男子组,铜牌
7,墨西哥,ESQUIVEL Joaquin,足球;FBL;,男子组,铜牌
8,墨西哥,JURADO Sebastian,足球;FBL;,男子组,铜牌
9,墨西哥,LAINEZ Diego,足球;FBL;,男子组,铜牌
10,墨西哥,LORONA Vladimir,足球;FBL;,男子组,铜牌
11,墨西哥,MALAGON Luis,足球;FBL;,男子组,铜牌
12,墨西哥,MARTIN Henry,足球;FBL;,男子组,铜牌
13,墨西哥,MONTES Cesar,足球;FBL;,男子组,铜牌
14,墨西哥,MORA Adrian,足球;FBL;,男子组,铜牌
15,墨西哥,OCHOA Guillermo,足球;FBL;,男子组,铜牌
16,墨西哥,RODRIGUEZ Carlos,足球;FBL;,男子组,铜牌
17,墨西哥,ROMO Luis,足球;FBL;,男子组,铜牌
18,墨西哥,SANCHEZ Jorge,足球;FBL;,男子组,铜牌
19,墨西哥,VASQUEZ Johan,足球;FBL;,男子组,铜牌
0,墨西哥,VEGA Alexis,足球;FBL;,男子组,铜牌
1,美国,CAMPBELL Jane,足球;FBL;,女子组,铜牌
2,美国,DAHLKEMPER Abby,足球;FBL;,女子组,铜牌
3,美国,DAVIDSON Tierna,足球;FBL;,女子组,铜牌
4,美国,DUNN Crystal,足球;FBL;,女子组,铜牌
5,美国,ERTZ Julie,足球;FBL;,女子组,铜牌
6,美国,FRANCH Adrianna,足球;FBL;,女子组,铜牌
7,美国,HEATH Tobin,足球;FBL;,女子组,铜牌
8,美国,HORAN Lindsey,足球;FBL;,女子组,铜牌
9,美国,KRUEGER Casey,足球;FBL;,女子组,铜牌
10,美国,LAVELLE Rose,足球;FBL;,女子组,铜牌
11,美国,LLOYD Carli,足球;FBL;,女子组,铜牌
12,美国,MACARIO Catarina,足球;FBL;,女子组,铜牌
13,美国,MEWIS Kristie,足球;FBL;,女子组,铜牌
14,美国,MEWIS Samantha,足球;FBL;,女子组,铜牌
15,美国,MORGAN Alex,足球;FBL;,女子组,铜牌
16,美国,NAEHER Alyssa,足球;FBL;,女子组,铜牌
17,美国,O'HARA Kelley,足球;FBL;,女子组,铜牌
18,美国,PRESS Christen,足球;FBL;,女子组,铜牌
19,美国,RAPINOE Megan,足球;FBL;,女子组,铜牌
0,美国,SAUERBRUNN Becky,足球;FBL;,女子组,铜牌
1,美国,SONNETT Emily,足球;FBL;,女子组,铜牌
2,美国,WILLIAMS Lynn,足球;FBL;,女子组,铜牌
3,中华台北,PAN C T,高尔夫;GLF;,男子个人比杆赛,铜牌
4,新西兰,KO Lydia,高尔夫;GLF;,女子个人比杆赛,铜牌
5,西班牙,AGUINAGALDE AQUIZU Julen,手球;HBL;,男子组,铜牌
6,西班牙,CORRALES RODAL Rodrigo,手球;HBL;,男子组,铜牌
7,西班牙,DUJSHEBAEV DOVICHEBAEVA Alex,手球;HBL;,男子组,铜牌
8,西班牙,ENTRERRIOS RODRIGUEZ Raul,手球;HBL;,男子组,铜牌
9,西班牙,FERNANDEZ PEREZ Angel,手球;HBL;,男子组,铜牌
10,西班牙,FIGUERAS TREJO Adrian,手球;HBL;,男子组,铜牌
11,西班牙,GARCIA ROBLEDO Antonio,手球;HBL;,男子组,铜牌
12,西班牙,GOMEZ ABELLO Aleix,手球;HBL;,男子组,铜牌
13,西班牙,GUARDIOLA VILLAPLANA Gedeon,手球;HBL;,男子组,铜牌
14,西班牙,GURBINDO MARTINEZ Eduardo,手球;HBL;,男子组,铜牌
15,西班牙,MAQUEDA PENO Jorge,手球;HBL;,男子组,铜牌
16,西班牙,MORROS de ARGILA Viran,手球;HBL;,男子组,铜牌
17,西班牙,PEREZ de VARGAS MORENO Gonzalo,手球;HBL;,男子组,铜牌
18,西班牙,SANCHEZ-MIGALLON NARANJO Miguel,手球;HBL;,男子组,铜牌
19,西班牙,SARMIENTO MELIAN Daniel,手球;HBL;,男子组,铜牌
0,西班牙,SOLE SALA Ferran,手球;HBL;,男子组,铜牌
1,挪威,BRATTSET DALE Kari,手球;HBL;,女子组,铜牌
2,挪威,BREDAL OFTEDAL Stine,手球;HBL;,女子组,铜牌
3,挪威,BREISTOEL Kristine,手球;HBL;,女子组,铜牌
4,挪威,FRAFJORD Marit Malm,手球;HBL;,女子组,铜牌
5,挪威,HERREM Camilla,手球;HBL;,女子组,铜牌
6,挪威,JACOBSEN Marit,手球;HBL;,女子组,铜牌
7,挪威,JOHANSEN Vilde Ingeborg,手球;HBL;,女子组,铜牌
8,挪威,KRISTIANSEN Veronica,手球;HBL;,女子组,铜牌
9,挪威,LUNDE Katrine,手球;HBL;,女子组,铜牌
10,挪威,MOERK Nora,手球;HBL;,女子组,铜牌
11,挪威,REISTAD Henny,手球;HBL;,女子组,铜牌
12,挪威,SKOGRAND Stine,手球;HBL;,女子组,铜牌
13,挪威,SOLBERG ISAKSEN Sanna,手球;HBL;,女子组,铜牌
14,挪威,SOLBERG Silje,手球;HBL;,女子组,铜牌
15,挪威,TOMAC Marta,手球;HBL;,女子组,铜牌
16,印度,KUMAR Surender,曲棍球;HOC;,男子组,铜牌
17,印度,KUMAR Varun,曲棍球;HOC;,男子组,铜牌
18,印度,LAKRA Birendra,曲棍球;HOC;,男子组,铜牌
19,印度,PARATTU RAVEENDRAN Sreejesh,曲棍球;HOC;,男子组,铜牌
0,印度,PRASAD Vivek Sagar,曲棍球;HOC;,男子组,铜牌
1,印度,ROHIDAS Amit,曲棍球;HOC;,男子组,铜牌
2,印度,SHARMA Nilakanta,曲棍球;HOC;,男子组,铜牌
3,印度,SINGH Dilpreet,曲棍球;HOC;,男子组,铜牌
4,印度,SINGH Gurjant,曲棍球;HOC;,男子组,铜牌
5,印度,SINGH Hardik,曲棍球;HOC;,男子组,铜牌
6,印度,SINGH Harmanpreet,曲棍球;HOC;,男子组,铜牌
7,印度,SINGH Mandeep,曲棍球;HOC;,男子组,铜牌
8,印度,SINGH Manpreet,曲棍球;HOC;,男子组,铜牌
9,印度,SINGH Rupinder Pal,曲棍球;HOC;,男子组,铜牌
10,印度,SINGH Shamsher,曲棍球;HOC;,男子组,铜牌
11,印度,SINGH Simranjeet,曲棍球;HOC;,男子组,铜牌
12,印度,SUMIT,曲棍球;HOC;,男子组,铜牌
13,印度,UPADHYAY Lalit Kumar,曲棍球;HOC;,男子组,铜牌
14,英国,ANSLEY Giselle,曲棍球;HOC;,女子组,铜牌
15,英国,BALSDON Grace,曲棍球;HOC;,女子组,铜牌
16,英国,CRACKLES Fiona Anne,曲棍球;HOC;,女子组,铜牌
17,英国,HINCH Madeleine Claire,曲棍球;HOC;,女子组,铜牌
18,英国,JONES Sarah Louise,曲棍球;HOC;,女子组,铜牌
19,英国,MARTIN Hannah,曲棍球;HOC;,女子组,铜牌
0,英国,McCALLIN Shona,曲棍球;HOC;,女子组,铜牌
1,英国,OWSLEY Lily,曲棍球;HOC;,女子组,铜牌
2,英国,PEARNE-WEBB Hollie,曲棍球;HOC;,女子组,铜牌
3,英国,PETTER Isabelle,曲棍球;HOC;,女子组,铜牌
4,英国,RAYER Elena Sian,曲棍球;HOC;,女子组,铜牌
5,英国,ROBERTSON Sarah,曲棍球;HOC;,女子组,铜牌
6,英国,TOMAN Anna-Frances,曲棍球;HOC;,女子组,铜牌
7,英国,TOWNSEND Susannah,曲棍球;HOC;,女子组,铜牌
8,英国,UNSWORTH Laura,曲棍球;HOC;,女子组,铜牌
9,英国,WILKINSON Leah Julia,曲棍球;HOC;,女子组,铜牌
10,ROC,ILIASOV Niiaz,柔道;JUD;,男子100公斤级,铜牌
11,葡萄牙,FONSECA Jorge,柔道;JUD;,男子100公斤级,铜牌
12,哈萨克斯坦,SMETOV Yeldos,柔道;JUD;,男子60公斤级,铜牌
13,法国,MKHEIDZE Luka,柔道;JUD;,男子60公斤级,铜牌
14,巴西,CARGNIN Daniel,柔道;JUD;,男子66公斤级,铜牌
15,韩国,AN Baul,柔道;JUD;,男子66公斤级,铜牌
16,蒙古,TSEND-OCHIR Tsogtbaatar,柔道;JUD;,男子73公斤级,铜牌
17,韩国,AN Changrim,柔道;JUD;,男子73公斤级,铜牌
18,奥地利,BORCHASHVILI Shamil,柔道;JUD;,男子81公斤级,铜牌
19,比利时,CASSE Matthias,柔道;JUD;,男子81公斤级,铜牌
0,乌兹别克斯坦,BOBONOV Davlat,柔道;JUD;,男子90公斤级,铜牌
1,匈牙利,TOTH Krisztian,柔道;JUD;,男子90公斤级,铜牌
2,ROC,BASHAEV Tamerlan,柔道;JUD;,男子100公斤以上级,铜牌
3,法国,RINER Teddy,柔道;JUD;,男子100公斤以上级,铜牌
4,乌克兰,BILODID Daria,柔道;JUD;,女子48公斤级,铜牌
5,蒙古,MUNKHBAT Urantsetseg,柔道;JUD;,女子48公斤级,铜牌
6,意大利,GIUFFRIDA Odette,柔道;JUD;,女子52公斤级,铜牌
7,英国,GILES Chelsie,柔道;JUD;,女子52公斤级,铜牌
8,加拿大,KLIMKAIT Jessica,柔道;JUD;,女子57公斤级,铜牌
9,日本,YOSHIDA Tsukasa,柔道;JUD;,女子57公斤级,铜牌
10,加拿大,BEAUCHEMIN-PINARD Catherine,柔道;JUD;,女子63公斤级,铜牌
11,意大利,CENTRACCHIO Maria,柔道;JUD;,女子63公斤级,铜牌
12,ROC,TAIMAZOVA Madina,柔道;JUD;,女子70公斤级,铜牌
13,荷兰,van DIJKE Sanne,柔道;JUD;,女子70公斤级,铜牌
14,巴西,AGUIAR Mayra,柔道;JUD;,女子78公斤级,铜牌
15,德国,WAGNER Anna-Maria,柔道;JUD;,女子78公斤级,铜牌
16,法国,DICKO Romane,柔道;JUD;,女子78公斤以上级,铜牌
17,阿塞拜疆,KINDZERSKA Iryna,柔道;JUD;,女子78公斤以上级,铜牌
18,以色列,BUTBUL Tohar,柔道;JUD;,混合团体,铜牌
19,以色列,HERSHKO Raz,柔道;JUD;,混合团体,铜牌
0,以色列,KOCHMAN Li,柔道;JUD;,混合团体,铜牌
1,以色列,LANIR Inbar,柔道;JUD;,混合团体,铜牌
2,以色列,MUKI Sagi,柔道;JUD;,混合团体,铜牌
3,以色列,NELSON LEVY Timna,柔道;JUD;,混合团体,铜牌
4,以色列,PALTCHIK Peter,柔道;JUD;,混合团体,铜牌
5,以色列,RISHONY Shira,柔道;JUD;,混合团体,铜牌
6,以色列,SASSON Or,柔道;JUD;,混合团体,铜牌
7,以色列,SHARIR Gili,柔道;JUD;,混合团体,铜牌
8,以色列,SHMAILOV Baruch,柔道;JUD;,混合团体,铜牌
9,德国,FREY Johannes,柔道;JUD;,混合团体,铜牌
10,德国,FREY Karl-Richard,柔道;JUD;,混合团体,铜牌
11,德国,GRABOWSKI Jasmin,柔道;JUD;,混合团体,铜牌
12,德国,MENZ Katharina,柔道;JUD;,混合团体,铜牌
13,德国,RESSEL Dominic,柔道;JUD;,混合团体,铜牌
14,德国,SCOCCIMARRO Giovanna,柔道;JUD;,混合团体,铜牌
15,德国,SEIDL Sebastian,柔道;JUD;,混合团体,铜牌
16,德国,STOLL Theresa,柔道;JUD;,混合团体,铜牌
17,德国,TRAJDOS Martyna,柔道;JUD;,混合团体,铜牌
18,德国,TRIPPEL Eduard,柔道;JUD;,混合团体,铜牌
19,德国,WAGNER Anna-Maria,柔道;JUD;,混合团体,铜牌
0,德国,WANDTKE Igor,柔道;JUD;,混合团体,铜牌
1,哈萨克斯坦,ASSADILOV Darkhan,空手道;KTE;,男子组手67公斤级,铜牌
2,约旦,ALMASATFA Abdel Rahman,空手道;KTE;,男子组手67公斤级,铜牌
3,乌克兰,HORUNA Stanislav,空手道;KTE;,男子组手75公斤级,铜牌
4,匈牙利,HARSPATAKI Karoly Gabor,空手道;KTE;,男子组手75公斤级,铜牌
5,土耳其,SOFUOGLU Ali,空手道;KTE;,男子个人型,铜牌
6,美国,TORRES GUTIERREZ Ariel,空手道;KTE;,男子个人型,铜牌
7,土耳其,AKTAS Ugur,空手道;KTE;,男子组手75公斤以上级,铜牌
8,日本,ARAGA Ryutaro,空手道;KTE;,男子组手75公斤以上级,铜牌
9,中华台北,WEN Tzuyun,空手道;KTE;,女子组手55公斤级,铜牌
10,奥地利,PLANK Bettina,空手道;KTE;,女子组手55公斤级,铜牌
11,土耳其,COBAN Merve,空手道;KTE;,女子组手61公斤级,铜牌
12,埃及,LOTFY Giana,空手道;KTE;,女子组手61公斤级,铜牌
13,中国香港,LAU Mo Sheung Grace,空手道;KTE;,女子个人型,铜牌
14,意大利,BOTTARO Viviana,空手道;KTE;,女子个人型,铜牌
15,中国,GONG Li,空手道;KTE;,女子组手61公斤以上级,铜牌
16,哈萨克斯坦,BERULTSEVA Sofya,空手道;KTE;,女子组手61公斤以上级,铜牌
17,意大利,PALTRINIERI Gregorio,马拉松游泳;OWS;,男子10公里,铜牌
18,澳大利亚,LEE Kareena,马拉松游泳;OWS;,女子10公里,铜牌
19,韩国,JUN Woongtae,现代五项;MPN;,男子个人,铜牌
0,匈牙利,KOVACS Sarolta,现代五项;MPN;,女子个人,铜牌
1,白俄罗斯,HARNASKO Alina,艺术体操;GRY;,个人全能,铜牌
2,意大利,CENTOFANTI Martina,艺术体操;GRY;,团体全能,铜牌
3,意大利,DURANTI Agnese,艺术体操;GRY;,团体全能,铜牌
4,意大利,MAURELLI Alessia,艺术体操;GRY;,团体全能,铜牌
5,意大利,MOGUREAN Daniela,艺术体操;GRY;,团体全能,铜牌
6,意大利,SANTANDREA Martina,艺术体操;GRY;,团体全能,铜牌
7,英国,BUGAJSKI Josh,赛艇;ROW;,男子八人单桨有舵手,铜牌
8,英国,DAWSON Jacob,赛艇;ROW;,男子八人单桨有舵手,铜牌
9,英国,ELWES Charles,赛艇;ROW;,男子八人单桨有舵手,铜牌
10,英国,FIELDMAN Henry,赛艇;ROW;,男子八人单桨有舵手,铜牌
11,英国,FORD Tom,赛艇;ROW;,男子八人单桨有舵手,铜牌
12,英国,GEORGE Tom,赛艇;ROW;,男子八人单桨有舵手,铜牌
13,英国,RUDKIN James,赛艇;ROW;,男子八人单桨有舵手,铜牌
14,英国,SBIHI Mohamed,赛艇;ROW;,男子八人单桨有舵手,铜牌
15,英国,WYNNE-GRIFFITH Oliver,赛艇;ROW;,男子八人单桨有舵手,铜牌
16,丹麦,SUTTON Joachim,赛艇;ROW;,男子双人单桨,铜牌
17,丹麦,VYSTAVEL Frederic,赛艇;ROW;,男子双人单桨,铜牌
18,意大利,CASTALDO Matteo,赛艇;ROW;,男子四人单桨,铜牌
19,意大利,di COSTANZO Marco,赛艇;ROW;,男子四人单桨,铜牌
0,意大利,LODO Matteo,赛艇;ROW;,男子四人单桨,铜牌
1,意大利,VICINO Giuseppe,赛艇;ROW;,男子四人单桨,铜牌
2,克罗地亚,MARTIN Damir,赛艇;ROW;,男子单人双桨,铜牌
3,中国,LIU Zhiyu,赛艇;ROW;,男子双人双桨,铜牌
4,中国,ZHANG Liang,赛艇;ROW;,男子双人双桨,铜牌
5,意大利,OPPO Stefano,赛艇;ROW;,男子轻量级双人双桨,铜牌
6,意大利,RUTA Pietro,赛艇;ROW;,男子轻量级双人双桨,铜牌
7,澳大利亚,ANTILL Caleb,赛艇;ROW;,男子四人双桨,铜牌
8,澳大利亚,CLEARY Jack,赛艇;ROW;,男子四人双桨,铜牌
9,澳大利亚,GIRDLESTONE Cameron,赛艇;ROW;,男子四人双桨,铜牌
10,澳大利亚,LETCHER Luke,赛艇;ROW;,男子四人双桨,铜牌
11,中国,GUO Linlin,赛艇;ROW;,女子八人单桨有舵手,铜牌
12,中国,JU Rui,赛艇;ROW;,女子八人单桨有舵手,铜牌
13,中国,LI Jingjing,赛艇;ROW;,女子八人单桨有舵手,铜牌
14,中国,MIAO Tian,赛艇;ROW;,女子八人单桨有舵手,铜牌
15,中国,WANG Yuwei,赛艇;ROW;,女子八人单桨有舵手,铜牌
16,中国,WANG Zifeng,赛艇;ROW;,女子八人单桨有舵手,铜牌
17,中国,XU Fei,赛艇;ROW;,女子八人单桨有舵手,铜牌
18,中国,ZHANG Dechang,赛艇;ROW;,女子八人单桨有舵手,铜牌
19,中国,ZHANG Min,赛艇;ROW;,女子八人单桨有舵手,铜牌
0,加拿大,FILMER Caileigh,赛艇;ROW;,女子双人单桨,铜牌
1,加拿大,JANSSENS Hillary,赛艇;ROW;,女子双人单桨,铜牌
2,爱尔兰,HEGARTY Emily,赛艇;ROW;,女子四人单桨,铜牌
3,爱尔兰,KEOGH Aifric,赛艇;ROW;,女子四人单桨,铜牌
4,爱尔兰,LAMBE Eimear,赛艇;ROW;,女子四人单桨,铜牌
5,爱尔兰,MURTAGH Fiona,赛艇;ROW;,女子四人单桨,铜牌
6,奥地利,LOBNIG Magdalena,赛艇;ROW;,女子单人双桨,铜牌
7,荷兰,de JONG Roos,赛艇;ROW;,女子双人双桨,铜牌
8,荷兰,SCHEENAARD Lisa,赛艇;ROW;,女子双人双桨,铜牌
9,荷兰,KEIJSER Marieke,赛艇;ROW;,女子轻量级双人双桨,铜牌
10,荷兰,PAULIS Ilse,赛艇;ROW;,女子轻量级双人双桨,铜牌
11,澳大利亚,CRONIN Caitlin,赛艇;ROW;,女子四人双桨,铜牌
12,澳大利亚,HUDSON Harriet,赛艇;ROW;,女子四人双桨,铜牌
13,澳大利亚,MEREDITH Rowena,赛艇;ROW;,女子四人双桨,铜牌
14,澳大利亚,THOMPSON Ria,赛艇;ROW;,女子四人双桨,铜牌
15,阿根廷,ALVAREZ Santiago,七人制橄欖球;RUG;,男子组,铜牌
16,阿根廷,BAZAN VELEZ Lautaro,七人制橄欖球;RUG;,男子组,铜牌
17,阿根廷,CINTI Lucio,七人制橄欖球;RUG;,男子组,铜牌
18,阿根廷,del MESTRE Felipe,七人制橄欖球;RUG;,男子组,铜牌
19,阿根廷,ETCHART Rodrigo,七人制橄欖球;RUG;,男子组,铜牌
0,阿根廷,GONZALEZ Luciano,七人制橄欖球;RUG;,男子组,铜牌
1,阿根廷,ISGRO Rodrigo,七人制橄欖球;RUG;,男子组,铜牌
2,阿根廷,MARE Santiago,七人制橄欖球;RUG;,男子组,铜牌
3,阿根廷,MENDY Ignacio,七人制橄欖球;RUG;,男子组,铜牌
4,阿根廷,MONETA Marcos,七人制橄欖球;RUG;,男子组,铜牌
5,阿根廷,OSADCZUK Matias,七人制橄欖球;RUG;,男子组,铜牌
6,阿根廷,REVOL Gaston,七人制橄欖球;RUG;,男子组,铜牌
7,阿根廷,SCHULZ German,七人制橄欖球;RUG;,男子组,铜牌
8,斐济,CAVURU Lavena,七人制橄欖球;RUG;,女子组,铜牌
9,斐济,DAVEUA Raijieli,七人制橄欖球;RUG;,女子组,铜牌
10,斐济,DONU Sesenieli,七人制橄欖球;RUG;,女子组,铜牌
11,斐济,LIKUCEVA Laisana,七人制橄欖球;RUG;,女子组,铜牌
12,斐济,NAGASAU Rusila,七人制橄欖球;RUG;,女子组,铜牌
13,斐济,NAIMASI Ana Maria,七人制橄欖球;RUG;,女子组,铜牌
14,斐济,NAKOCI Alowesi,七人制橄欖球;RUG;,女子组,铜牌
15,斐济,RADINIYAVUNI Roela,七人制橄欖球;RUG;,女子组,铜牌
16,斐济,RIWAI Viniana,七人制橄欖球;RUG;,女子组,铜牌
17,斐济,ROQICA Ana,七人制橄欖球;RUG;,女子组,铜牌
18,斐济,SOLIKOVITI Vasiti,七人制橄欖球;RUG;,女子组,铜牌
19,斐济,TINAI Lavenia,七人制橄欖球;RUG;,女子组,铜牌
0,斐济,ULUNISAU Reapi,七人制橄欖球;RUG;,女子组,铜牌
1,西班牙,RODRIGUEZ GARCIA-PAZ Nicolas,帆船;SAL;,男子双人艇470级,铜牌
2,西班牙,XAMMAR Jordi,帆船;SAL;,男子双人艇470级,铜牌
3,德国,HEIL Erik,帆船;SAL;,男子49人级,铜牌
4,德国,PLOESSEL Thomas,帆船;SAL;,男子49人级,铜牌
5,西班牙,CARDONA MENDEZ Joan,帆船;SAL;,男子单人艇芬兰人级,铜牌
6,挪威,TOMASGAARD Hermann,帆船;SAL;,男子单人艇激光级.,铜牌
7,中国,BI Kun,帆船;SAL;,男子帆板RS:X级,铜牌
8,法国,LECOINTRE Camille,帆船;SAL;,女子双人艇470级,铜牌
9,法国,RETORNAZ Aloise,帆船;SAL;,女子双人艇470级,铜牌
10,荷兰,BEKKERING Annemiek,帆船;SAL;,女子49人FX级,铜牌
11,荷兰,DUETZ Annette,帆船;SAL;,女子49人FX级,铜牌
12,荷兰,BOUWMEESTER Marit,帆船;SAL;,女子单人艇激光雷迪尔级,铜牌
13,英国,WILSON Emma,帆船;SAL;,女子帆板RS:X级,铜牌
14,德国,KOHLHOFF Paul,帆船;SAL;,男女混合多体船诺卡拉17级,铜牌
15,德国,STUHLEMMER Alica,帆船;SAL;,男女混合多体船诺卡拉17级,铜牌
16,中国,PANG Wei,射击;SHO;,男子10米气手枪,铜牌
17,中国,YANG Haoran,射击;SHO;,男子10米气步枪,铜牌
18,塞尔维亚,SEBIC Milenko,射击;SHO;,男子50米步枪三姿,铜牌
19,中国,LI Yuehong,射击;SHO;,男子25米手枪速射,铜牌
0,科威特,ALRASHIDI Abdullah,射击;SHO;,男子双向飞碟,铜牌
1,英国,COWARD HOLLEY Matthew John,射击;SHO;,男子多向飞碟,铜牌
2,中国,JIANG Ranxin,射击;SHO;,女子10米气手枪,铜牌
3,瑞士,CHRISTEN Nina,射击;SHO;,女子10米气步枪,铜牌
4,ROC,KARIMOVA Yulia,射击;SHO;,女子50米步枪三姿,铜牌
5,中国,WEI Meng,射击;SHO;,女子双向飞碟,铜牌
6,中国,XIAO Jiaruixuan,射击;SHO;,女子25米手枪,铜牌
7,圣马力诺,PERILLI Alessandra,射击;SHO;,女子多向飞碟,铜牌
8,乌克兰,KOSTEVYCH Olena,射击;SHO;,混合团体10米气手枪,铜牌
9,乌克兰,OMELCHUK Oleh,射击;SHO;,混合团体10米气手枪,铜牌
10,ROC,KAMENSKIY Sergey,射击;SHO;,混合团体10米气步枪,铜牌
11,ROC,KARIMOVA Yulia,射击;SHO;,混合团体10米气步枪,铜牌
12,美国,BERNAU Madelynn Ann,射击;SHO;,混合团体多向飞碟,铜牌
13,美国,BURROWS Brian,射击;SHO;,混合团体多向飞碟,铜牌
14,美国,JUNEAU Cory,滑板;SKB;,男子公园赛,铜牌
15,美国,EATON Jagger,滑板;SKB;,男子街式赛,铜牌
16,英国,BROWN Sky,滑板;SKB;,女子公园滑板,铜牌
17,日本,NAKAYAMA Funa,滑板;SKB;,女子街式赛,铜牌
18,奥地利,SCHUBERT Jakob,运动攀登;CLB;,男子全能,铜牌
19,日本,NOGUCHI Akiyo,运动攀登;CLB;,女子全能,铜牌
0,澳大利亚,WRIGHT Owen,冲浪;SRF;,男子组,铜牌
1,日本,TSUZUKI Amuro,冲浪;SRF;,女子组,铜牌
2,美国,MURPHY Ryan,游泳;SWM;,男子100米仰泳,铜牌
3,瑞士,PONTI Noe,游泳;SWM;,男子100米蝶泳,铜牌
4,意大利,MARTINENGHI Nicolo,游泳;SWM;,男子100米蛙泳,铜牌
5,ROC,KOLESNIKOV Kliment,游泳;SWM;,男子100米自由泳,铜牌
6,德国,WELLBROCK Florian,游泳;SWM;,男子1500米自由泳,铜牌
7,英国,GREENBANK Luke,游泳;SWM;,男子200米仰泳,铜牌
8,意大利,BURDISSO Federico,游泳;SWM;,男子200米蝶泳,铜牌
9,芬兰,MATTSSON Matti,游泳;SWM;,男子200米蛙泳,铜牌
10,巴西,SCHEFFER Fernando,游泳;SWM;,男子200米自由泳,铜牌
11,瑞士,DESPLANCHES Jeremy,游泳;SWM;,男子200米个人混合泳,铜牌
12,美国,SMITH Kieran,游泳;SWM;,男子400米自由泳,铜牌
13,澳大利亚,SMITH Brendon,游泳;SWM;,男子400米个人混合泳,铜牌
14,澳大利亚,CHALMERS Kyle,游泳;SWM;,男子4x100米自由泳接力,铜牌
15,澳大利亚,GRAHAM Alexander,游泳;SWM;,男子4x100米自由泳接力,铜牌
16,澳大利亚,INCERTI Zac,游泳;SWM;,男子4x100米自由泳接力,铜牌
17,澳大利亚,McEVOY Cameron,游泳;SWM;,男子4x100米自由泳接力,铜牌
18,澳大利亚,TEMPLE Matthew,游泳;SWM;,男子4x100米自由泳接力,铜牌
19,意大利,BURDISSO Federico,游泳;SWM;,男子4x100米混合泳接力,铜牌
0,意大利,CECCON Thomas,游泳;SWM;,男子4x100米混合泳接力,铜牌
1,意大利,MARTINENGHI Nicolo,游泳;SWM;,男子4x100米混合泳接力,铜牌
2,意大利,MIRESSI Alessandro,游泳;SWM;,男子4x100米混合泳接力,铜牌
3,澳大利亚,CHALMERS Kyle,游泳;SWM;,男子4x200米自由泳接力,铜牌
4,澳大利亚,GRAHAM Alexander,游泳;SWM;,男子4x200米自由泳接力,铜牌
5,澳大利亚,HORTON Mack,游泳;SWM;,男子4x200米自由泳接力,铜牌
6,澳大利亚,INCERTI Zac,游泳;SWM;,男子4x200米自由泳接力,铜牌
7,澳大利亚,NEILL Thomas,游泳;SWM;,男子4x200米自由泳接力,铜牌
8,澳大利亚,WINNINGTON Elijah,游泳;SWM;,男子4x200米自由泳接力,铜牌
9,巴西,FRATUS Bruno,游泳;SWM;,男子50米自由泳,铜牌
10,乌克兰,ROMANCHUK Mykhailo,游泳;SWM;,男子800米自由泳,铜牌
11,美国,SMITH Regan,游泳;SWM;,女子100米仰泳,铜牌
12,澳大利亚,McKEON Emma,游泳;SWM;,女子100米蝶泳,铜牌
13,美国,KING Lilly,游泳;SWM;,女子100米蛙泳,铜牌
14,澳大利亚,CAMPBELL Cate,游泳;SWM;,女子100米自由泳,铜牌
15,德国,KOHLER Sarah,游泳;SWM;,女子1500米自由泳,铜牌
16,澳大利亚,SEEBOHM Emily,游泳;SWM;,女子200米仰泳,铜牌
17,美国,FLICKINGER Hali,游泳;SWM;,女子200米蝶泳,铜牌
18,美国,LAZOR Annie,游泳;SWM;,女子200米蛙泳,铜牌
19,加拿大,OLEKSIAK Penny,游泳;SWM;,女子200米自由泳,铜牌
0,美国,DOUGLASS Kate,游泳;SWM;,女子200米个人混合泳,铜牌
1,中国,LI Bingjie,游泳;SWM;,女子400米自由泳,铜牌
2,美国,FLICKINGER Hali,游泳;SWM;,女子400米个人混合泳,铜牌
3,美国,BROWN Erika,游泳;SWM;,女子4x100米自由泳接力,铜牌
4,美国,de LOOF Catie,游泳;SWM;,女子4x100米自由泳接力,铜牌
5,美国,HINDS Natalie,游泳;SWM;,女子4x100米自由泳接力,铜牌
6,美国,MANUEL Simone,游泳;SWM;,女子4x100米自由泳接力,铜牌
7,美国,SCHMITT Allison,游泳;SWM;,女子4x100米自由泳接力,铜牌
8,美国,SMOLIGA Olivia,游泳;SWM;,女子4x100米自由泳接力,铜牌
9,美国,WEITZEIL Abbey,游泳;SWM;,女子4x100米自由泳接力,铜牌
10,加拿大,MACNEIL Margaret,游泳;SWM;,女子4x100米混合泳接力,铜牌
11,加拿大,MASSE Kylie,游泳;SWM;,女子4x100米混合泳接力,铜牌
12,加拿大,OLEKSIAK Penny,游泳;SWM;,女子4x100米混合泳接力,铜牌
13,加拿大,PICKREM Sydney,游泳;SWM;,女子4x100米混合泳接力,铜牌
14,加拿大,RUCK Taylor,游泳;SWM;,女子4x100米混合泳接力,铜牌
15,加拿大,SANCHEZ Kayla,游泳;SWM;,女子4x100米混合泳接力,铜牌
16,澳大利亚,COOK Tamsin,游泳;SWM;,女子4x200米自由泳接力,铜牌
17,澳大利亚,HARRIS Meg,游泳;SWM;,女子4x200米自由泳接力,铜牌
18,澳大利亚,McKEON Emma,游泳;SWM;,女子4x200米自由泳接力,铜牌
19,澳大利亚,NEALE Leah,游泳;SWM;,女子4x200米自由泳接力,铜牌
0,澳大利亚,O'CALLAGHAN Mollie,游泳;SWM;,女子4x200米自由泳接力,铜牌
1,澳大利亚,THROSSELL Brianna,游泳;SWM;,女子4x200米自由泳接力,铜牌
2,澳大利亚,TITMUS Ariarne,游泳;SWM;,女子4x200米自由泳接力,铜牌
3,澳大利亚,WILSON Madison,游泳;SWM;,女子4x200米自由泳接力,铜牌
4,丹麦,BLUME Pernille,游泳;SWM;,女子50米自由泳,铜牌
5,意大利,QUADARELLA Simona,游泳;SWM;,女子800米自由泳,铜牌
6,澳大利亚,CAMPBELL Bronte,游泳;SWM;,男女混合4x100米混合泳接力,铜牌
7,澳大利亚,COOPER Isaac,游泳;SWM;,男女混合4x100米混合泳接力,铜牌
8,澳大利亚,McKEON Emma,游泳;SWM;,男女混合4x100米混合泳接力,铜牌
9,澳大利亚,McKEOWN Kaylee,游泳;SWM;,男女混合4x100米混合泳接力,铜牌
10,澳大利亚,STUBBLETY-COOK Izaac,游泳;SWM;,男女混合4x100米混合泳接力,铜牌
11,澳大利亚,TEMPLE Matthew,游泳;SWM;,男女混合4x100米混合泳接力,铜牌
12,澳大利亚,THROSSELL Brianna,游泳;SWM;,男女混合4x100米混合泳接力,铜牌
13,德国,OVTCHAROV Dimitrij,乒乓球;TTE;,男子单打,铜牌
14,日本,HARIMOTO Tomokazu,乒乓球;TTE;,男子团体,铜牌
15,日本,MIZUTANI Jun,乒乓球;TTE;,男子团体,铜牌
16,日本,NIWA Koki,乒乓球;TTE;,男子团体,铜牌
17,日本,ITO Mima,乒乓球;TTE;,女子单打,铜牌
18,中国香港,DOO Hoi Kem,乒乓球;TTE;,女子团体,铜牌
19,中国香港,LEE Ho Ching,乒乓球;TTE;,女子团体,铜牌
0,中国香港,SOO Wai Yam Minnie,乒乓球;TTE;,女子团体,铜牌
1,中华台北,CHENG I Ching,乒乓球;TTE;,混合双打,铜牌
2,中华台北,LIN Yun Ju,乒乓球;TTE;,混合双打,铜牌
3,ROC,ARTAMONOV Mikhail,跆拳道;TKW;,男子58公斤级,铜牌
4,韩国,JANG Jun,跆拳道;TKW;,男子58公斤级,铜牌
5,中国,ZHAO Shuai,跆拳道;TKW;,男子68公斤级,铜牌
6,土耳其,RECBER Hakan,跆拳道;TKW;,男子68公斤级,铜牌
7,克罗地亚,KANAET Toni,跆拳道;TKW;,男子80公斤级,铜牌
8,埃及,EISSA Seif,跆拳道;TKW;,男子80公斤级,铜牌
9,古巴,ALBA CASTILLO Rafael Yunier,跆拳道;TKW;,男子80公斤以上级,铜牌
10,韩国,IN Kyo Don,跆拳道;TKW;,男子80公斤以上级,铜牌
11,以色列,SEMBERG Abishag,跆拳道;TKW;,女子49公斤级,铜牌
12,塞尔维亚,BOGDANOVIC Tijana,跆拳道;TKW;,女子49公斤级,铜牌
13,中华台北,LO Chia-Ling,跆拳道;TKW;,女子57公斤级,铜牌
14,土耳其,ILGUN Hatice Kubra,跆拳道;TKW;,女子57公斤级,铜牌
15,埃及,MALAK Hedaya,跆拳道;TKW;,女子67公斤级,铜牌
16,科特迪瓦,GBAGBI Ruth,跆拳道;TKW;,女子67公斤级,铜牌
17,法国,LAURIN Althea,跆拳道;TKW;,女子67公斤以上级,铜牌
18,英国,WALKDEN Bianca,跆拳道;TKW;,女子67公斤以上级,铜牌
19,新西兰,DANIELL Marcus,网球;TEN;,男子双打,铜牌
0,新西兰,VENUS Michael,网球;TEN;,男子双打,铜牌
1,西班牙,CARRENO BUSTA Pablo,网球;TEN;,男子单打,铜牌
2,巴西,PIGOSSI Laura,网球;TEN;,女子双打,铜牌
3,巴西,STEFANI Luisa,网球;TEN;,女子双打,铜牌
4,乌克兰,SVITOLINA Elina,网球;TEN;,女子单打,铜牌
5,澳大利亚,BARTY Ashleigh,网球;TEN;,混合双打,铜牌
6,澳大利亚,PEERS John,网球;TEN;,混合双打,铜牌
7,新西兰,SCHMIDT Dylan,蹦床体操;GTR;,男子组,铜牌
8,英国,PAGE Bryony,蹦床体操;GTR;,女子组,铜牌
9,新西兰,WILDE Hayden,铁人三项;TRI;,男子个人,铜牌
10,美国,ZAFERES Katie,铁人三项;TRI;,女子个人,铜牌
11,法国,BEAUGRAND Cassandre,铁人三项;TRI;,混合接力,铜牌
12,法国,CONINX Dorian,铁人三项;TRI;,混合接力,铜牌
13,法国,LUIS Vincent,铁人三项;TRI;,混合接力,铜牌
14,法国,PERIAULT Leonie,铁人三项;TRI;,混合接力,铜牌
15,阿根廷,CONTE Facundo,排球;VVO;,男子组,铜牌
16,阿根廷,DANANI Santiago,排球;VVO;,男子组,铜牌
17,阿根廷,de CECCO Luciano,排球;VVO;,男子组,铜牌
18,阿根廷,LIMA Bruno,排球;VVO;,男子组,铜牌
19,阿根廷,LOSER Agustin,排球;VVO;,男子组,铜牌
0,阿根廷,MENDEZ Nicolas,排球;VVO;,男子组,铜牌
1,阿根廷,PALACIOS Ezequiel,排球;VVO;,男子组,铜牌
2,阿根廷,PEREYRA Federico,排球;VVO;,男子组,铜牌
3,阿根廷,POGLAJEN Cristian,排球;VVO;,男子组,铜牌
4,阿根廷,RAMOS Martin,排球;VVO;,男子组,铜牌
5,阿根廷,SANCHEZ Matias,排球;VVO;,男子组,铜牌
6,阿根廷,SOLE Sebastian,排球;VVO;,男子组,铜牌
7,塞尔维亚,ALEKSIC Maja,排球;VVO;,女子组,铜牌
8,塞尔维亚,BJELICA Ana,排球;VVO;,女子组,铜牌
9,塞尔维亚,BLAGOJEVIC Jelena,排球;VVO;,女子组,铜牌
10,塞尔维亚,BOSKOVIC Tijana,排球;VVO;,女子组,铜牌
11,塞尔维亚,BUSA Bianka,排球;VVO;,女子组,铜牌
12,塞尔维亚,MIHAJLOVIC Brankica,排球;VVO;,女子组,铜牌
13,塞尔维亚,MILENKOVIC Bojana,排球;VVO;,女子组,铜牌
14,塞尔维亚,MIRKOVIC Sladjana,排球;VVO;,女子组,铜牌
15,塞尔维亚,OGNJENOVIC Maja,排球;VVO;,女子组,铜牌
16,塞尔维亚,POPOVIC Mina,排球;VVO;,女子组,铜牌
17,塞尔维亚,POPOVIC Silvija,排球;VVO;,女子组,铜牌
18,塞尔维亚,RASIC Milena,排球;VVO;,女子组,铜牌
19,匈牙利,ANGYAL Daniel,水球;WPO;,男子组,铜牌
0,匈牙利,ERDELYI Balazs,水球;WPO;,男子组,铜牌
1,匈牙利,HARAI Balazs,水球;WPO;,男子组,铜牌
2,匈牙利,HOSNYANSZKY Norbert,水球;WPO;,男子组,铜牌
3,匈牙利,JANSIK Szilard,水球;WPO;,男子组,铜牌
4,匈牙利,MANHERCZ Krisztian,水球;WPO;,男子组,铜牌
5,匈牙利,MEZEI Tamas,水球;WPO;,男子组,铜牌
6,匈牙利,NAGY Viktor,水球;WPO;,男子组,铜牌
7,匈牙利,PASZTOR Matyas,水球;WPO;,男子组,铜牌
8,匈牙利,VAMOS Marton,水球;WPO;,男子组,铜牌
9,匈牙利,VARGA Denes,水球;WPO;,男子组,铜牌
10,匈牙利,VOGEL Soma,水球;WPO;,男子组,铜牌
11,匈牙利,ZALANKI Gergo,水球;WPO;,男子组,铜牌
12,匈牙利,GANGL Edina,水球;WPO;,女子组,铜牌
13,匈牙利,GARDA Krisztina,水球;WPO;,女子组,铜牌
14,匈牙利,GURISATTI Greta,水球;WPO;,女子组,铜牌
15,匈牙利,GYONGYOSSY Aniko,水球;WPO;,女子组,铜牌
16,匈牙利,ILLES Anna,水球;WPO;,女子组,铜牌
17,匈牙利,KESZTHELYI Rita,水球;WPO;,女子组,铜牌
18,匈牙利,LEIMETER Dora,水球;WPO;,女子组,铜牌
19,匈牙利,MAGYARI Alda,水球;WPO;,女子组,铜牌
0,匈牙利,PARKES Rebecca,水球;WPO;,女子组,铜牌
1,匈牙利,RYBANSKA Natasa,水球;WPO;,女子组,铜牌
2,匈牙利,SZILAGYI Dorottya,水球;WPO;,女子组,铜牌
3,匈牙利,SZUCS Gabriella,水球;WPO;,女子组,铜牌
4,匈牙利,VALYI Vanda,水球;WPO;,女子组,铜牌
5,拉脱维亚,PLESNIEKS Arturs,举重;WLF;,男子109公斤级,铜牌
6,哈萨克斯坦,SON Igor,举重;WLF;,男子61公斤级,铜牌
7,意大利,ZANNI Mirko,举重;WLF;,男子67公斤级,铜牌
8,印度尼西亚,ABDULLAH Rahmat Erwin,举重;WLF;,男子73公斤级,铜牌
9,意大利,PIZZOLATO Antonino,举重;WLF;,男子81公斤级,铜牌
10,格鲁吉亚,PLIESNOI Anton,举重;WLF;,男子96公斤级,铜牌
11,叙利亚,ASAAD Man,举重;WLF;,男子109公斤以上级,铜牌
12,印度尼西亚,AISAH Windy Cantika,举重;WLF;,女子49公斤级,铜牌
13,哈萨克斯坦,CHINSHANLO Zulfiya,举重;WLF;,女子55公斤级,铜牌
14,日本,ANDOH Mikiko,举重;WLF;,女子59公斤级,铜牌
15,中华台北,CHEN Wen-Huei,举重;WLF;,女子64公斤级,铜牌
16,墨西哥,FUENTES ZAVALA Aremi,举重;WLF;,女子76公斤级,铜牌
17,多米尼加,SANTANA PEGUERO Crismery Dominga,举重;WLF;,女子87公斤级,铜牌
18,美国,ROBLES Sarah Elizabeth,举重;WLF;,女子87公斤以上级,铜牌
19,伊朗,ZARE Amir Hossein,摔跤;WRE;,男子自由式125公斤级,铜牌
0,土耳其,AKGUL Taha,摔跤;WRE;,男子自由式125公斤级,铜牌
1,哈萨克斯坦,SANAYEV Nurislam,摔跤;WRE;,男子自由式57公斤级,铜牌
2,美国,GILMAN Thomas Patrick,摔跤;WRE;,男子自由式57公斤级,铜牌
3,ROC,RASHIDOV Gadzhimurad,摔跤;WRE;,男子自由式65公斤级,铜牌
4,印度,BAJRANG Bajrang,摔跤;WRE;,男子自由式65公斤级,铜牌
5,乌兹别克斯坦,ABDURAKHMONOV Bekzod,摔跤;WRE;,男子自由式74公斤级,铜牌
6,美国,DAKE Kyle Douglas,摔跤;WRE;,男子自由式74公斤级,铜牌
7,ROC,NAIFONOV Artur,摔跤;WRE;,男子自由式86公斤级,铜牌
8,圣马力诺,AMINE Myles Nazem,摔跤;WRE;,男子自由式86公斤级,铜牌
9,古巴,SALAS PEREZ Reineris,摔跤;WRE;,男子自由式97公斤级,铜牌
10,意大利,CONYEDO RUANO Abraham de Jesus,摔跤;WRE;,男子自由式97公斤级,铜牌
11,ROC,SEMENOV Sergei,摔跤;WRE;,男子古典式130公斤级,铜牌
12,土耳其,KAYAALP Riza,摔跤;WRE;,男子古典式130公斤级,铜牌
13,ROC,EMELIN Sergey,摔跤;WRE;,男子古典式60公斤级,铜牌
14,中国,WALIHAN Sailike,摔跤;WRE;,男子古典式60公斤级,铜牌
15,埃及,ELSAYED Mohamed Ibrahim Elsayed,摔跤;WRE;,男子古典式67公斤级,铜牌
16,德国,STAEBLER Frank,摔跤;WRE;,男子古典式67公斤级,铜牌
17,日本,YABIKU Shohei,摔跤;WRE;,男子古典式77公斤级,铜牌
18,阿塞拜疆,HUSEYNOV Rafig,摔跤;WRE;,男子古典式77公斤级,铜牌
19,塞尔维亚,DATUNASHVILI Zurabi,摔跤;WRE;,男子古典式87公斤级,铜牌
0,德国,KUDLA Denis Maksymilian,摔跤;WRE;,男子古典式87公斤级,铜牌
1,伊朗,SARAVI Mohammadhadi,摔跤;WRE;,男子古典式97公斤级,铜牌
2,波兰,MICHALIK Tadeusz,摔跤;WRE;,男子古典式97公斤级,铜牌
3,美国,HILDEBRANDT Sarah Ann,摔跤;WRE;,女子自由式50公斤级,铜牌
4,阿塞拜疆,STADNIK Mariya,摔跤;WRE;,女子自由式50公斤级,铜牌
5,白俄罗斯,KALADZINSKAYA Vanesa,摔跤;WRE;,女子自由式53公斤级,铜牌
6,蒙古,BAT OCHIR Bolortuya,摔跤;WRE;,女子自由式53公斤级,铜牌
7,保加利亚,NIKOLOVA Evelina Georgieva,摔跤;WRE;,女子自由式57公斤级,铜牌
8,美国,MAROULIS Helen Louise,摔跤;WRE;,女子自由式57公斤级,铜牌
9,乌克兰,KOLIADENKO Iryna,摔跤;WRE;,女子自由式62公斤级,铜牌
10,保加利亚,YUSEIN Taybe Mustafa,摔跤;WRE;,女子自由式62公斤级,铜牌
11,乌克兰,CHERKASOVA Alla,摔跤;WRE;,女子自由式68公斤级,铜牌
12,吉尔吉斯斯坦,ZHUMANAZAROVA Meerim,摔跤;WRE;,女子自由式68公斤级,铜牌
13,中国,ZHOU Qian,摔跤;WRE;,女子自由式76公斤级,铜牌
14,土耳其,ADAR Yasemin,摔跤;WRE;,女子自由式76公斤级,铜牌
